xrun: 22.03-s001: (c) Copyright 1995-2022 Cadence Design Systems, Inc.
TOOL:	xrun	22.03-s001: Started on Aug 11, 2026 at 14:30:06 +0330
xrun
	-gui
	-ieee1364
	-sv
	-disable_sem2009
	-access +rwc
	-top tb_otp_controller
	+incdir+../rtl_sources
	+define+POSTSYN_SIM
	../rtl_sources/otp_sim_rom.v
	../rtl_sources/tb_otp_controller.v
file: ../rtl_sources/otp_sim_rom.v
	module worklib.otp_sim_rom:v
		errors: 0, warnings: 0
file: ../rtl_sources/tb_otp_controller.v
	module worklib.otp_controller:v
		errors: 0, warnings: 0
	module worklib.crc16_ccitt:v
		errors: 0, warnings: 0
	module worklib.tb_otp_controller:v
		errors: 0, warnings: 0
	Elaborating the design hierarchy:
		Caching library 'worklib' ....... Done
	Top level design units:
		tb_otp_controller
	Reading SDF file from location "../synthesis/synout/otp_controller_postsyn.sdf"
	Compiled SDF file "otp_controller_postsyn.sdf.X" older than source SDF file "../synthesis/synout/otp_controller_postsyn.sdf".
	Recompiling.
	Writing compiled SDF file to "otp_controller_postsyn.sdf.X".
	Annotating SDF timing data:
		Compiled SDF file:     otp_controller_postsyn.sdf.X
		Log file:              
		Backannotation scope:  tb_otp_controller.u_dut
		Configuration file:    
		MTM control:           MAXIMUM
		Scale factors:         
		Scale type:            
xmelab: *W,SDFNET: Unable to annotate to non-existent timing check (RECREM (posedge RN) (posedge CK) (117) (0)) of instance tb_otp_controller.u_dut.ren_d_reg of module DFFRHQX1 <../synthesis/synout/otp_controller_postsyn.sdf, line 120>.
xmelab: *W,SDFNET: Unable to annotate to non-existent timing check (RECREM (posedge RN) (posedge CK) (117) (0)) of instance tb_otp_controller.u_dut.\addr_d_reg[2]  of module DFFRHQX1 <../synthesis/synout/otp_controller_postsyn.sdf, line 203>.
xmelab: *W,SDFNET: Unable to annotate to non-existent timing check (RECREM (posedge RN) (posedge CK) (117) (0)) of instance tb_otp_controller.u_dut.\addr_d_reg[3]  of module DFFRHQX1 <../synthesis/synout/otp_controller_postsyn.sdf, line 224>.
xmelab: *W,SDFNET: Unable to annotate to non-existent timing check (RECREM (posedge RN) (posedge CK) (117) (0)) of instance tb_otp_controller.u_dut.\addr_d_reg[4]  of module DFFRHQX1 <../synthesis/synout/otp_controller_postsyn.sdf, line 245>.
xmelab: *W,SDFNET: Unable to annotate to non-existent timing check (RECREM (posedge RN) (posedge CK) (117) (0)) of instance tb_otp_controller.u_dut.\addr_d_reg[1]  of module DFFRHQX1 <../synthesis/synout/otp_controller_postsyn.sdf, line 266>.
xmelab: *W,SDFNET: Unable to annotate to non-existent timing check (RECREM (posedge RN) (posedge CK) (117) (0)) of instance tb_otp_controller.u_dut.\addr_d_reg[5]  of module DFFRHQX1 <../synthesis/synout/otp_controller_postsyn.sdf, line 287>.
xmelab: *W,SDFNET: Unable to annotate to non-existent timing check (RECREM (posedge RN) (posedge CK) (117) (0)) of instance tb_otp_controller.u_dut.\addr_d_reg[6]  of module DFFRHQX1 <../synthesis/synout/otp_controller_postsyn.sdf, line 308>.
xmelab: *W,SDFNET: Unable to annotate to non-existent timing check (RECREM (posedge RN) (posedge CK) (117) (0)) of instance tb_otp_controller.u_dut.\addr_d_reg[0]  of module DFFRHQX1 <../synthesis/synout/otp_controller_postsyn.sdf, line 363>.
xmelab: *W,SDFNET: Unable to annotate to non-existent timing check (RECREM (posedge RN) (posedge CK) (117) (0)) of instance tb_otp_controller.u_dut.\addr_reg[0]  of module DFFRHQX1 <../synthesis/synout/otp_controller_postsyn.sdf, line 384>.
xmelab: *W,SDFNET: Unable to annotate to non-existent timing check (RECREM (posedge RN) (posedge CK) (117) (0)) of instance tb_otp_controller.u_dut.\addr_reg[1]  of module DFFRHQX1 <../synthesis/synout/otp_controller_postsyn.sdf, line 405>.
xmelab: *W,SDFNET: Unable to annotate to non-existent timing check (RECREM (posedge RN) (posedge CK) (117) (0)) of instance tb_otp_controller.u_dut.\addr_reg[2]  of module DFFRHQX1 <../synthesis/synout/otp_controller_postsyn.sdf, line 426>.
xmelab: *W,SDFNET: Unable to annotate to non-existent timing check (RECREM (posedge RN) (posedge CK) (117) (0)) of instance tb_otp_controller.u_dut.\addr_reg[3]  of module DFFRHQX1 <../synthesis/synout/otp_controller_postsyn.sdf, line 447>.
xmelab: *W,SDFNET: Unable to annotate to non-existent timing check (RECREM (posedge RN) (posedge CK) (117) (0)) of instance tb_otp_controller.u_dut.\addr_reg[4]  of module DFFRHQX1 <../synthesis/synout/otp_controller_postsyn.sdf, line 468>.
xmelab: *W,SDFNET: Unable to annotate to non-existent timing check (RECREM (posedge RN) (posedge CK) (114) (0)) of instance tb_otp_controller.u_dut.\addr_reg[5]  of module SDFFRHQX1 <../synthesis/synout/otp_controller_postsyn.sdf, line 491>.
xmelab: *W,SDFNET: Unable to annotate to non-existent timing check (RECREM (posedge RN) (posedge CK) (117) (0)) of instance tb_otp_controller.u_dut.\addr_reg[6]  of module DFFRHQX1 <../synthesis/synout/otp_controller_postsyn.sdf, line 516>.
xmelab: *W,SDFNET: Unable to annotate to non-existent timing check (RECREM (posedge RN) (posedge CK) (117) (0)) of instance tb_otp_controller.u_dut.\addr_reg[7]  of module DFFRHQX1 <../synthesis/synout/otp_controller_postsyn.sdf, line 537>.
xmelab: *W,SDFNET: Unable to annotate to non-existent timing check (RECREM (posedge RN) (posedge CK) (117) (0)) of instance tb_otp_controller.u_dut.\aging_base_reg[0]  of module DFFRHQX1 <../synthesis/synout/otp_controller_postsyn.sdf, line 558>.
xmelab: *W,SDFNET: Unable to annotate to non-existent timing check (RECREM (posedge RN) (posedge CK) (117) (0)) of instance tb_otp_controller.u_dut.\aging_base_reg[1]  of module DFFRHQX1 <../synthesis/synout/otp_controller_postsyn.sdf, line 579>.
xmelab: *W,SDFNET: Unable to annotate to non-existent timing check (RECREM (posedge RN) (posedge CK) (117) (0)) of instance tb_otp_controller.u_dut.\aging_base_reg[2]  of module DFFRHQX1 <../synthesis/synout/otp_controller_postsyn.sdf, line 600>.
xmelab: *W,SDFNET: Unable to annotate to non-existent timing check (RECREM (posedge RN) (posedge CK) (117) (0)) of instance tb_otp_controller.u_dut.\aging_base_reg[3]  of module DFFRHQX1 <../synthesis/synout/otp_controller_postsyn.sdf, line 621>.
xmelab: *W,SDFNET: Unable to annotate to non-existent timing check (RECREM (posedge RN) (posedge CK) (117) (0)) of instance tb_otp_controller.u_dut.\aging_base_reg[4]  of module DFFRHQX1 <../synthesis/synout/otp_controller_postsyn.sdf, line 642>.
xmelab: *W,SDFNET: Unable to annotate to non-existent timing check (RECREM (posedge RN) (posedge CK) (117) (0)) of instance tb_otp_controller.u_dut.\aging_base_reg[5]  of module DFFRHQX1 <../synthesis/synout/otp_controller_postsyn.sdf, line 663>.
xmelab: *W,SDFNET: Unable to annotate to non-existent timing check (RECREM (posedge RN) (posedge CK) (117) (0)) of instance tb_otp_controller.u_dut.\aging_base_reg[6]  of module DFFRHQX1 <../synthesis/synout/otp_controller_postsyn.sdf, line 684>.
xmelab: *W,SDFNET: Unable to annotate to non-existent timing check (RECREM (posedge RN) (posedge CK) (117) (0)) of instance tb_otp_controller.u_dut.\aging_base_reg[7]  of module DFFRHQX1 <../synthesis/synout/otp_controller_postsyn.sdf, line 705>.
xmelab: *W,SDFNET: Unable to annotate to non-existent timing check (RECREM (posedge RN) (posedge CK) (117) (0)) of instance tb_otp_controller.u_dut.\aging_base_reg[8]  of module DFFRHQX1 <../synthesis/synout/otp_controller_postsyn.sdf, line 726>.
xmelab: *W,SDFNET: Unable to annotate to non-existent timing check (RECREM (posedge RN) (posedge CK) (117) (0)) of instance tb_otp_controller.u_dut.\aging_base_reg[9]  of module DFFRHQX1 <../synthesis/synout/otp_controller_postsyn.sdf, line 747>.
xmelab: *W,SDFNET: Unable to annotate to non-existent timing check (RECREM (posedge RN) (posedge CK) (117) (0)) of instance tb_otp_controller.u_dut.\aging_base_reg[10]  of module DFFRHQX1 <../synthesis/synout/otp_controller_postsyn.sdf, line 768>.
xmelab: *W,SDFNET: Unable to annotate to non-existent timing check (RECREM (posedge RN) (posedge CK) (117) (0)) of instance tb_otp_controller.u_dut.\aging_base_reg[11]  of module DFFRHQX1 <../synthesis/synout/otp_controller_postsyn.sdf, line 789>.
xmelab: *W,SDFNET: Unable to annotate to non-existent timing check (RECREM (posedge RN) (posedge CK) (117) (0)) of instance tb_otp_controller.u_dut.\aging_base_reg[12]  of module DFFRHQX1 <../synthesis/synout/otp_controller_postsyn.sdf, line 810>.
xmelab: *W,SDFNET: Unable to annotate to non-existent timing check (RECREM (posedge RN) (posedge CK) (117) (0)) of instance tb_otp_controller.u_dut.\aging_base_reg[13]  of module DFFRHQX1 <../synthesis/synout/otp_controller_postsyn.sdf, line 831>.
xmelab: *W,SDFNET: Unable to annotate to non-existent timing check (RECREM (posedge RN) (posedge CK) (117) (0)) of instance tb_otp_controller.u_dut.\aging_base_reg[14]  of module DFFRHQX1 <../synthesis/synout/otp_controller_postsyn.sdf, line 852>.
xmelab: *W,SDFNET: Unable to annotate to non-existent timing check (RECREM (posedge RN) (posedge CK) (117) (0)) of instance tb_otp_controller.u_dut.\aging_base_reg[15]  of module DFFRHQX1 <../synthesis/synout/otp_controller_postsyn.sdf, line 873>.
xmelab: *W,SDFNET: Unable to annotate to non-existent timing check (RECREM (posedge RN) (posedge CK) (117) (0)) of instance tb_otp_controller.u_dut.\cfg_flags_reg[0]  of module DFFRHQX1 <../synthesis/synout/otp_controller_postsyn.sdf, line 894>.
xmelab: *W,SDFNET: Unable to annotate to non-existent timing check (RECREM (posedge RN) (posedge CK) (117) (0)) of instance tb_otp_controller.u_dut.\cfg_flags_reg[1]  of module DFFRHQX1 <../synthesis/synout/otp_controller_postsyn.sdf, line 915>.
xmelab: *W,SDFNET: Unable to annotate to non-existent timing check (RECREM (posedge RN) (posedge CK) (117) (0)) of instance tb_otp_controller.u_dut.\cfg_flags_reg[2]  of module DFFRHQX1 <../synthesis/synout/otp_controller_postsyn.sdf, line 936>.
xmelab: *W,SDFNET: Unable to annotate to non-existent timing check (RECREM (posedge RN) (posedge CK) (117) (0)) of instance tb_otp_controller.u_dut.\cfg_flags_reg[3]  of module DFFRHQX1 <../synthesis/synout/otp_controller_postsyn.sdf, line 957>.
xmelab: *W,SDFNET: Unable to annotate to non-existent timing check (RECREM (posedge RN) (posedge CK) (117) (0)) of instance tb_otp_controller.u_dut.\cfg_flags_reg[4]  of module DFFRHQX1 <../synthesis/synout/otp_controller_postsyn.sdf, line 978>.
xmelab: *W,SDFNET: Unable to annotate to non-existent timing check (RECREM (posedge RN) (posedge CK) (117) (0)) of instance tb_otp_controller.u_dut.\cfg_flags_reg[5]  of module DFFRHQX1 <../synthesis/synout/otp_controller_postsyn.sdf, line 999>.
xmelab: *W,SDFNET: Unable to annotate to non-existent timing check (RECREM (posedge RN) (posedge CK) (102) (0)) of instance tb_otp_controller.u_dut.crc_error_reg of module DFFRHQXL <../synthesis/synout/otp_controller_postsyn.sdf, line 1020>.
xmelab: *W,SDFNET: Unable to annotate to non-existent timing check (RECREM (posedge SN) (posedge CK) (59) (95)) of instance tb_otp_controller.u_dut.\crc_reg_reg[0]  of module SDFFSHQX1 <../synthesis/synout/otp_controller_postsyn.sdf, line 1043>.
xmelab: *W,SDFNET: Unable to annotate to non-existent timing check (RECREM (posedge SN) (posedge CK) (59) (95)) of instance tb_otp_controller.u_dut.\crc_reg_reg[1]  of module SDFFSHQX1 <../synthesis/synout/otp_controller_postsyn.sdf, line 1070>.
xmelab: *W,SDFNET: Unable to annotate to non-existent timing check (RECREM (posedge SN) (posedge CK) (59) (95)) of instance tb_otp_controller.u_dut.\crc_reg_reg[2]  of module SDFFSHQX1 <../synthesis/synout/otp_controller_postsyn.sdf, line 1097>.
xmelab: *W,SDFNET: Unable to annotate to non-existent timing check (RECREM (posedge SN) (posedge CK) (59) (95)) of instance tb_otp_controller.u_dut.\crc_reg_reg[3]  of module SDFFSHQX1 <../synthesis/synout/otp_controller_postsyn.sdf, line 1124>.
xmelab: *W,SDFNET: Unable to annotate to non-existent timing check (RECREM (posedge SN) (posedge CK) (59) (95)) of instance tb_otp_controller.u_dut.\crc_reg_reg[4]  of module SDFFSHQX1 <../synthesis/synout/otp_controller_postsyn.sdf, line 1151>.
xmelab: *W,SDFNET: Unable to annotate to non-existent timing check (RECREM (posedge SN) (posedge CK) (59) (95)) of instance tb_otp_controller.u_dut.\crc_reg_reg[5]  of module SDFFSHQX1 <../synthesis/synout/otp_controller_postsyn.sdf, line 1178>.
xmelab: *W,SDFNET: Unable to annotate to non-existent timing check (RECREM (posedge SN) (posedge CK) (59) (95)) of instance tb_otp_controller.u_dut.\crc_reg_reg[6]  of module SDFFSHQX1 <../synthesis/synout/otp_controller_postsyn.sdf, line 1205>.
xmelab: *W,SDFNET: Unable to annotate to non-existent timing check (RECREM (posedge SN) (posedge CK) (59) (95)) of instance tb_otp_controller.u_dut.\crc_reg_reg[7]  of module SDFFSHQX1 <../synthesis/synout/otp_controller_postsyn.sdf, line 1232>.
xmelab: *W,SDFNET: Unable to annotate to non-existent timing check (RECREM (posedge SN) (posedge CK) (59) (95)) of instance tb_otp_controller.u_dut.\crc_reg_reg[8]  of module SDFFSHQX1 <../synthesis/synout/otp_controller_postsyn.sdf, line 1259>.
xmelab: *W,SDFNET: Unable to annotate to non-existent timing check (RECREM (posedge SN) (posedge CK) (59) (95)) of instance tb_otp_controller.u_dut.\crc_reg_reg[9]  of module SDFFSHQX1 <../synthesis/synout/otp_controller_postsyn.sdf, line 1286>.
xmelab: *W,SDFNET: Unable to annotate to non-existent timing check (RECREM (posedge SN) (posedge CK) (59) (95)) of instance tb_otp_controller.u_dut.\crc_reg_reg[10]  of module SDFFSHQX1 <../synthesis/synout/otp_controller_postsyn.sdf, line 1313>.
xmelab: *W,SDFNET: Unable to annotate to non-existent timing check (RECREM (posedge SN) (posedge CK) (59) (95)) of instance tb_otp_controller.u_dut.\crc_reg_reg[11]  of module SDFFSHQX1 <../synthesis/synout/otp_controller_postsyn.sdf, line 1340>.
xmelab: *W,SDFNET: Unable to annotate to non-existent timing check (RECREM (posedge SN) (posedge CK) (59) (95)) of instance tb_otp_controller.u_dut.\crc_reg_reg[12]  of module SDFFSHQX1 <../synthesis/synout/otp_controller_postsyn.sdf, line 1367>.
xmelab: *W,SDFNET: Unable to annotate to non-existent timing check (RECREM (posedge SN) (posedge CK) (59) (95)) of instance tb_otp_controller.u_dut.\crc_reg_reg[13]  of module SDFFSHQX1 <../synthesis/synout/otp_controller_postsyn.sdf, line 1394>.
xmelab: *W,SDFNET: Unable to annotate to non-existent timing check (RECREM (posedge SN) (posedge CK) (59) (95)) of instance tb_otp_controller.u_dut.\crc_reg_reg[14]  of module SDFFSHQX1 <../synthesis/synout/otp_controller_postsyn.sdf, line 1421>.
xmelab: *W,SDFNET: Unable to annotate to non-existent timing check (RECREM (posedge SN) (posedge CK) (59) (95)) of instance tb_otp_controller.u_dut.\crc_reg_reg[15]  of module SDFFSHQX1 <../synthesis/synout/otp_controller_postsyn.sdf, line 1448>.
xmelab: *W,SDFNET: Unable to annotate to non-existent timing check (RECREM (posedge RN) (posedge CK) (117) (0)) of instance tb_otp_controller.u_dut.\patch0_data_reg[0]  of module DFFRHQX1 <../synthesis/synout/otp_controller_postsyn.sdf, line 1473>.
xmelab: *W,SDFNET: Unable to annotate to non-existent timing check (RECREM (posedge RN) (posedge CK) (117) (0)) of instance tb_otp_controller.u_dut.\patch0_data_reg[1]  of module DFFRHQX1 <../synthesis/synout/otp_controller_postsyn.sdf, line 1494>.
xmelab: *W,SDFNET: Unable to annotate to non-existent timing check (RECREM (posedge RN) (posedge CK) (117) (0)) of instance tb_otp_controller.u_dut.\patch0_data_reg[2]  of module DFFRHQX1 <../synthesis/synout/otp_controller_postsyn.sdf, line 1515>.
xmelab: *W,SDFNET: Unable to annotate to non-existent timing check (RECREM (posedge RN) (posedge CK) (117) (0)) of instance tb_otp_controller.u_dut.\patch0_data_reg[3]  of module DFFRHQX1 <../synthesis/synout/otp_controller_postsyn.sdf, line 1536>.
xmelab: *W,SDFNET: Unable to annotate to non-existent timing check (RECREM (posedge RN) (posedge CK) (117) (0)) of instance tb_otp_controller.u_dut.\patch0_data_reg[4]  of module DFFRHQX1 <../synthesis/synout/otp_controller_postsyn.sdf, line 1557>.
xmelab: *W,SDFNET: Unable to annotate to non-existent timing check (RECREM (posedge RN) (posedge CK) (117) (0)) of instance tb_otp_controller.u_dut.\patch0_data_reg[5]  of module DFFRHQX1 <../synthesis/synout/otp_controller_postsyn.sdf, line 1578>.
xmelab: *W,SDFNET: Unable to annotate to non-existent timing check (RECREM (posedge RN) (posedge CK) (117) (0)) of instance tb_otp_controller.u_dut.\patch0_data_reg[6]  of module DFFRHQX1 <../synthesis/synout/otp_controller_postsyn.sdf, line 1599>.
xmelab: *W,SDFNET: Unable to annotate to non-existent timing check (RECREM (posedge RN) (posedge CK) (117) (0)) of instance tb_otp_controller.u_dut.\patch0_data_reg[7]  of module DFFRHQX1 <../synthesis/synout/otp_controller_postsyn.sdf, line 1620>.
xmelab: *W,SDFNET: Unable to annotate to non-existent timing check (RECREM (posedge RN) (posedge CK) (117) (0)) of instance tb_otp_controller.u_dut.\patch0_data_reg[8]  of module DFFRHQX1 <../synthesis/synout/otp_controller_postsyn.sdf, line 1641>.
xmelab: *W,SDFNET: Unable to annotate to non-existent timing check (RECREM (posedge RN) (posedge CK) (117) (0)) of instance tb_otp_controller.u_dut.\patch0_data_reg[9]  of module DFFRHQX1 <../synthesis/synout/otp_controller_postsyn.sdf, line 1662>.
xmelab: *W,SDFNET: Unable to annotate to non-existent timing check (RECREM (posedge RN) (posedge CK) (117) (0)) of instance tb_otp_controller.u_dut.\patch0_data_reg[10]  of module DFFRHQX1 <../synthesis/synout/otp_controller_postsyn.sdf, line 1683>.
xmelab: *W,SDFNET: Unable to annotate to non-existent timing check (RECREM (posedge RN) (posedge CK) (117) (0)) of instance tb_otp_controller.u_dut.\patch0_data_reg[11]  of module DFFRHQX1 <../synthesis/synout/otp_controller_postsyn.sdf, line 1704>.
xmelab: *W,SDFNET: Unable to annotate to non-existent timing check (RECREM (posedge RN) (posedge CK) (117) (0)) of instance tb_otp_controller.u_dut.\patch0_data_reg[12]  of module DFFRHQX1 <../synthesis/synout/otp_controller_postsyn.sdf, line 1725>.
xmelab: *W,SDFNET: Unable to annotate to non-existent timing check (RECREM (posedge RN) (posedge CK) (117) (0)) of instance tb_otp_controller.u_dut.\patch0_data_reg[13]  of module DFFRHQX1 <../synthesis/synout/otp_controller_postsyn.sdf, line 1746>.
xmelab: *W,SDFNET: Unable to annotate to non-existent timing check (RECREM (posedge RN) (posedge CK) (117) (0)) of instance tb_otp_controller.u_dut.\patch0_data_reg[14]  of module DFFRHQX1 <../synthesis/synout/otp_controller_postsyn.sdf, line 1767>.
xmelab: *W,SDFNET: Unable to annotate to non-existent timing check (RECREM (posedge RN) (posedge CK) (117) (0)) of instance tb_otp_controller.u_dut.\patch0_data_reg[15]  of module DFFRHQX1 <../synthesis/synout/otp_controller_postsyn.sdf, line 1788>.
xmelab: *W,SDFNET: Unable to annotate to non-existent timing check (RECREM (posedge RN) (posedge CK) (117) (0)) of instance tb_otp_controller.u_dut.\patch0_data_reg[16]  of module DFFRHQX1 <../synthesis/synout/otp_controller_postsyn.sdf, line 1809>.
xmelab: *W,SDFNET: Unable to annotate to non-existent timing check (RECREM (posedge RN) (posedge CK) (117) (0)) of instance tb_otp_controller.u_dut.\patch0_data_reg[17]  of module DFFRHQX1 <../synthesis/synout/otp_controller_postsyn.sdf, line 1830>.
xmelab: *W,SDFNET: Unable to annotate to non-existent timing check (RECREM (posedge RN) (posedge CK) (117) (0)) of instance tb_otp_controller.u_dut.\patch0_data_reg[18]  of module DFFRHQX1 <../synthesis/synout/otp_controller_postsyn.sdf, line 1851>.
xmelab: *W,SDFNET: Unable to annotate to non-existent timing check (RECREM (posedge RN) (posedge CK) (117) (0)) of instance tb_otp_controller.u_dut.\patch0_data_reg[19]  of module DFFRHQX1 <../synthesis/synout/otp_controller_postsyn.sdf, line 1872>.
xmelab: *W,SDFNET: Unable to annotate to non-existent timing check (RECREM (posedge RN) (posedge CK) (117) (0)) of instance tb_otp_controller.u_dut.\patch0_id_reg[0]  of module DFFRHQX1 <../synthesis/synout/otp_controller_postsyn.sdf, line 1893>.
xmelab: *W,SDFNET: Unable to annotate to non-existent timing check (RECREM (posedge RN) (posedge CK) (114) (0)) of instance tb_otp_controller.u_dut.\patch0_id_reg[1]  of module SDFFRHQX1 <../synthesis/synout/otp_controller_postsyn.sdf, line 1916>.
xmelab: *W,SDFNET: Unable to annotate to non-existent timing check (RECREM (posedge RN) (posedge CK) (117) (0)) of instance tb_otp_controller.u_dut.\patch0_id_reg[2]  of module DFFRHQX1 <../synthesis/synout/otp_controller_postsyn.sdf, line 1941>.
xmelab: *W,SDFNET: Unable to annotate to non-existent timing check (RECREM (posedge RN) (posedge CK) (117) (0)) of instance tb_otp_controller.u_dut.\patch0_id_reg[3]  of module DFFRHQX1 <../synthesis/synout/otp_controller_postsyn.sdf, line 1962>.
xmelab: *W,SDFNET: Unable to annotate to non-existent timing check (RECREM (posedge RN) (posedge CK) (117) (0)) of instance tb_otp_controller.u_dut.\patch0_id_reg[4]  of module DFFRHQX1 <../synthesis/synout/otp_controller_postsyn.sdf, line 1983>.
xmelab: *W,SDFNET: Unable to annotate to non-existent timing check (RECREM (posedge RN) (posedge CK) (117) (0)) of instance tb_otp_controller.u_dut.\patch0_tag_reg[0]  of module DFFRHQX1 <../synthesis/synout/otp_controller_postsyn.sdf, line 2004>.
xmelab: *W,SDFNET: Unable to annotate to non-existent timing check (RECREM (posedge RN) (posedge CK) (117) (0)) of instance tb_otp_controller.u_dut.\patch0_tag_reg[1]  of module DFFRHQX1 <../synthesis/synout/otp_controller_postsyn.sdf, line 2025>.
xmelab: *W,SDFNET: Unable to annotate to non-existent timing check (RECREM (posedge RN) (posedge CK) (114) (0)) of instance tb_otp_controller.u_dut.patch0_valid_bit_reg of module SDFFRHQX1 <../synthesis/synout/otp_controller_postsyn.sdf, line 2048>.
xmelab: *W,SDFNET: Unable to annotate to non-existent timing check (RECREM (posedge RN) (posedge CK) (117) (0)) of instance tb_otp_controller.u_dut.\patch1_data_reg[0]  of module DFFRHQX1 <../synthesis/synout/otp_controller_postsyn.sdf, line 2073>.
xmelab: *W,SDFNET: Unable to annotate to non-existent timing check (RECREM (posedge RN) (posedge CK) (117) (0)) of instance tb_otp_controller.u_dut.\patch1_data_reg[1]  of module DFFRHQX1 <../synthesis/synout/otp_controller_postsyn.sdf, line 2094>.
xmelab: *W,SDFNET: Unable to annotate to non-existent timing check (RECREM (posedge RN) (posedge CK) (117) (0)) of instance tb_otp_controller.u_dut.\patch1_data_reg[2]  of module DFFRHQX1 <../synthesis/synout/otp_controller_postsyn.sdf, line 2115>.
xmelab: *W,SDFNET: Unable to annotate to non-existent timing check (RECREM (posedge RN) (posedge CK) (117) (0)) of instance tb_otp_controller.u_dut.\patch1_data_reg[3]  of module DFFRHQX1 <../synthesis/synout/otp_controller_postsyn.sdf, line 2136>.
xmelab: *W,SDFNET: Unable to annotate to non-existent timing check (RECREM (posedge RN) (posedge CK) (117) (0)) of instance tb_otp_controller.u_dut.\patch1_data_reg[4]  of module DFFRHQX1 <../synthesis/synout/otp_controller_postsyn.sdf, line 2157>.
xmelab: *W,SDFNET: Unable to annotate to non-existent timing check (RECREM (posedge RN) (posedge CK) (117) (0)) of instance tb_otp_controller.u_dut.\patch1_data_reg[6]  of module DFFRHQX1 <../synthesis/synout/otp_controller_postsyn.sdf, line 2178>.
xmelab: *W,SDFNET: Unable to annotate to non-existent timing check (RECREM (posedge RN) (posedge CK) (117) (0)) of instance tb_otp_controller.u_dut.\patch1_data_reg[7]  of module DFFRHQX1 <../synthesis/synout/otp_controller_postsyn.sdf, line 2199>.
xmelab: *W,SDFNET: Unable to annotate to non-existent timing check (RECREM (posedge RN) (posedge CK) (117) (0)) of instance tb_otp_controller.u_dut.\patch1_data_reg[10]  of module DFFRHQX1 <../synthesis/synout/otp_controller_postsyn.sdf, line 2220>.
xmelab: *W,SDFNET: Unable to annotate to non-existent timing check (RECREM (posedge RN) (posedge CK) (117) (0)) of instance tb_otp_controller.u_dut.\patch1_data_reg[11]  of module DFFRHQX1 <../synthesis/synout/otp_controller_postsyn.sdf, line 2241>.
xmelab: *W,SDFNET: Unable to annotate to non-existent timing check (RECREM (posedge RN) (posedge CK) (117) (0)) of instance tb_otp_controller.u_dut.\patch1_data_reg[12]  of module DFFRHQX1 <../synthesis/synout/otp_controller_postsyn.sdf, line 2262>.
xmelab: *W,SDFNET: Unable to annotate to non-existent timing check (RECREM (posedge RN) (posedge CK) (117) (0)) of instance tb_otp_controller.u_dut.\patch1_data_reg[13]  of module DFFRHQX1 <../synthesis/synout/otp_controller_postsyn.sdf, line 2283>.
xmelab: *W,SDFNET: Unable to annotate to non-existent timing check (RECREM (posedge RN) (posedge CK) (117) (0)) of instance tb_otp_controller.u_dut.\patch1_data_reg[14]  of module DFFRHQX1 <../synthesis/synout/otp_controller_postsyn.sdf, line 2304>.
xmelab: *W,SDFNET: Unable to annotate to non-existent timing check (RECREM (posedge RN) (posedge CK) (117) (0)) of instance tb_otp_controller.u_dut.\patch1_data_reg[15]  of module DFFRHQX1 <../synthesis/synout/otp_controller_postsyn.sdf, line 2325>.
xmelab: *W,SDFNET: Unable to annotate to non-existent timing check (RECREM (posedge RN) (posedge CK) (117) (0)) of instance tb_otp_controller.u_dut.\patch1_data_reg[16]  of module DFFRHQX1 <../synthesis/synout/otp_controller_postsyn.sdf, line 2346>.
xmelab: *W,SDFNET: Unable to annotate to non-existent timing check (RECREM (posedge RN) (posedge CK) (117) (0)) of instance tb_otp_controller.u_dut.\patch1_data_reg[17]  of module DFFRHQX1 <../synthesis/synout/otp_controller_postsyn.sdf, line 2367>.
xmelab: *W,SDFNET: Unable to annotate to non-existent timing check (RECREM (posedge RN) (posedge CK) (117) (0)) of instance tb_otp_controller.u_dut.\patch1_data_reg[18]  of module DFFRHQX1 <../synthesis/synout/otp_controller_postsyn.sdf, line 2388>.
xmelab: *W,SDFNET: Unable to annotate to non-existent timing check (RECREM (posedge RN) (posedge CK) (117) (0)) of instance tb_otp_controller.u_dut.\patch1_data_reg[19]  of module DFFRHQX1 <../synthesis/synout/otp_controller_postsyn.sdf, line 2409>.
xmelab: *W,SDFNET: Unable to annotate to non-existent timing check (RECREM (posedge RN) (posedge CK) (117) (0)) of instance tb_otp_controller.u_dut.\patch1_id_reg[0]  of module DFFRHQX1 <../synthesis/synout/otp_controller_postsyn.sdf, line 2430>.
xmelab: *W,SDFNET: Unable to annotate to non-existent timing check (RECREM (posedge RN) (posedge CK) (117) (0)) of instance tb_otp_controller.u_dut.\patch1_id_reg[1]  of module DFFRHQX1 <../synthesis/synout/otp_controller_postsyn.sdf, line 2451>.
xmelab: *W,SDFNET: Unable to annotate to non-existent timing check (RECREM (posedge RN) (posedge CK) (117) (0)) of instance tb_otp_controller.u_dut.\patch1_id_reg[3]  of module DFFRHQX1 <../synthesis/synout/otp_controller_postsyn.sdf, line 2472>.
xmelab: *W,SDFNET: Unable to annotate to non-existent timing check (RECREM (posedge RN) (posedge CK) (117) (0)) of instance tb_otp_controller.u_dut.\patch1_id_reg[4]  of module DFFRHQX1 <../synthesis/synout/otp_controller_postsyn.sdf, line 2493>.
xmelab: *W,SDFNET: Unable to annotate to non-existent timing check (RECREM (posedge RN) (posedge CK) (117) (0)) of instance tb_otp_controller.u_dut.\patch1_tag_reg[0]  of module DFFRHQX1 <../synthesis/synout/otp_controller_postsyn.sdf, line 2514>.
xmelab: *W,SDFNET: Unable to annotate to non-existent timing check (RECREM (posedge RN) (posedge CK) (117) (0)) of instance tb_otp_controller.u_dut.\patch1_tag_reg[1]  of module DFFRHQX1 <../synthesis/synout/otp_controller_postsyn.sdf, line 2535>.
xmelab: *W,SDFNET: Unable to annotate to non-existent timing check (RECREM (posedge RN) (posedge CK) (114) (0)) of instance tb_otp_controller.u_dut.patch1_valid_bit_reg of module SDFFRHQX1 <../synthesis/synout/otp_controller_postsyn.sdf, line 2558>.
xmelab: *W,SDFNET: Unable to annotate to non-existent timing check (RECREM (posedge RN) (posedge CK) (117) (0)) of instance tb_otp_controller.u_dut.\ratio_p0_reg[0]  of module DFFRHQX1 <../synthesis/synout/otp_controller_postsyn.sdf, line 2583>.
xmelab: *W,SDFNET: Unable to annotate to non-existent timing check (RECREM (posedge RN) (posedge CK) (117) (0)) of instance tb_otp_controller.u_dut.\ratio_p0_reg[1]  of module DFFRHQX1 <../synthesis/synout/otp_controller_postsyn.sdf, line 2604>.
xmelab: *W,SDFNET: Unable to annotate to non-existent timing check (RECREM (posedge RN) (posedge CK) (117) (0)) of instance tb_otp_controller.u_dut.\ratio_p0_reg[2]  of module DFFRHQX1 <../synthesis/synout/otp_controller_postsyn.sdf, line 2625>.
xmelab: *W,SDFNET: Unable to annotate to non-existent timing check (RECREM (posedge RN) (posedge CK) (117) (0)) of instance tb_otp_controller.u_dut.\ratio_p0_reg[3]  of module DFFRHQX1 <../synthesis/synout/otp_controller_postsyn.sdf, line 2646>.
xmelab: *W,SDFNET: Unable to annotate to non-existent timing check (RECREM (posedge RN) (posedge CK) (117) (0)) of instance tb_otp_controller.u_dut.\ratio_p0_reg[4]  of module DFFRHQX1 <../synthesis/synout/otp_controller_postsyn.sdf, line 2667>.
xmelab: *W,SDFNET: Unable to annotate to non-existent timing check (RECREM (posedge RN) (posedge CK) (117) (0)) of instance tb_otp_controller.u_dut.\ratio_p0_reg[5]  of module DFFRHQX1 <../synthesis/synout/otp_controller_postsyn.sdf, line 2688>.
xmelab: *W,SDFNET: Unable to annotate to non-existent timing check (RECREM (posedge RN) (posedge CK) (117) (0)) of instance tb_otp_controller.u_dut.\ratio_p0_reg[6]  of module DFFRHQX1 <../synthesis/synout/otp_controller_postsyn.sdf, line 2709>.
xmelab: *W,SDFNET: Unable to annotate to non-existent timing check (RECREM (posedge RN) (posedge CK) (117) (0)) of instance tb_otp_controller.u_dut.\ratio_p0_reg[7]  of module DFFRHQX1 <../synthesis/synout/otp_controller_postsyn.sdf, line 2730>.
xmelab: *W,SDFNET: Unable to annotate to non-existent timing check (RECREM (posedge RN) (posedge CK) (117) (0)) of instance tb_otp_controller.u_dut.\ratio_p0_reg[8]  of module DFFRHQX1 <../synthesis/synout/otp_controller_postsyn.sdf, line 2751>.
xmelab: *W,SDFNET: Unable to annotate to non-existent timing check (RECREM (posedge RN) (posedge CK) (117) (0)) of instance tb_otp_controller.u_dut.\ratio_p0_reg[9]  of module DFFRHQX1 <../synthesis/synout/otp_controller_postsyn.sdf, line 2772>.
xmelab: *W,SDFNET: Unable to annotate to non-existent timing check (RECREM (posedge RN) (posedge CK) (117) (0)) of instance tb_otp_controller.u_dut.\ratio_p0_reg[10]  of module DFFRHQX1 <../synthesis/synout/otp_controller_postsyn.sdf, line 2793>.
xmelab: *W,SDFNET: Unable to annotate to non-existent timing check (RECREM (posedge RN) (posedge CK) (117) (0)) of instance tb_otp_controller.u_dut.\ratio_p0_reg[11]  of module DFFRHQX1 <../synthesis/synout/otp_controller_postsyn.sdf, line 2814>.
xmelab: *W,SDFNET: Unable to annotate to non-existent timing check (RECREM (posedge RN) (posedge CK) (117) (0)) of instance tb_otp_controller.u_dut.\ratio_p0_reg[12]  of module DFFRHQX1 <../synthesis/synout/otp_controller_postsyn.sdf, line 2835>.
xmelab: *W,SDFNET: Unable to annotate to non-existent timing check (RECREM (posedge RN) (posedge CK) (117) (0)) of instance tb_otp_controller.u_dut.\ratio_p0_reg[13]  of module DFFRHQX1 <../synthesis/synout/otp_controller_postsyn.sdf, line 2856>.
xmelab: *W,SDFNET: Unable to annotate to non-existent timing check (RECREM (posedge RN) (posedge CK) (117) (0)) of instance tb_otp_controller.u_dut.\ratio_p0_reg[14]  of module DFFRHQX1 <../synthesis/synout/otp_controller_postsyn.sdf, line 2877>.
xmelab: *W,SDFNET: Unable to annotate to non-existent timing check (RECREM (posedge RN) (posedge CK) (117) (0)) of instance tb_otp_controller.u_dut.\ratio_p0_reg[15]  of module DFFRHQX1 <../synthesis/synout/otp_controller_postsyn.sdf, line 2898>.
xmelab: *W,SDFNET: Unable to annotate to non-existent timing check (RECREM (posedge RN) (posedge CK) (117) (0)) of instance tb_otp_controller.u_dut.\ratio_p0_reg[16]  of module DFFRHQX1 <../synthesis/synout/otp_controller_postsyn.sdf, line 2919>.
xmelab: *W,SDFNET: Unable to annotate to non-existent timing check (RECREM (posedge RN) (posedge CK) (117) (0)) of instance tb_otp_controller.u_dut.\ratio_p0_reg[17]  of module DFFRHQX1 <../synthesis/synout/otp_controller_postsyn.sdf, line 2940>.
xmelab: *W,SDFNET: Unable to annotate to non-existent timing check (RECREM (posedge RN) (posedge CK) (117) (0)) of instance tb_otp_controller.u_dut.\ratio_p0_reg[18]  of module DFFRHQX1 <../synthesis/synout/otp_controller_postsyn.sdf, line 2961>.
xmelab: *W,SDFNET: Unable to annotate to non-existent timing check (RECREM (posedge RN) (posedge CK) (117) (0)) of instance tb_otp_controller.u_dut.\ratio_p0_reg[19]  of module DFFRHQX1 <../synthesis/synout/otp_controller_postsyn.sdf, line 2982>.
xmelab: *W,SDFNET: Unable to annotate to non-existent timing check (RECREM (posedge RN) (posedge CK) (117) (0)) of instance tb_otp_controller.u_dut.\ratio_p1_reg[0]  of module DFFRHQX1 <../synthesis/synout/otp_controller_postsyn.sdf, line 3003>.
xmelab: *W,SDFNET: Unable to annotate to non-existent timing check (RECREM (posedge RN) (posedge CK) (117) (0)) of instance tb_otp_controller.u_dut.\ratio_p1_reg[1]  of module DFFRHQX1 <../synthesis/synout/otp_controller_postsyn.sdf, line 3024>.
xmelab: *W,SDFNET: Unable to annotate to non-existent timing check (RECREM (posedge RN) (posedge CK) (117) (0)) of instance tb_otp_controller.u_dut.\ratio_p1_reg[2]  of module DFFRHQX1 <../synthesis/synout/otp_controller_postsyn.sdf, line 3045>.
xmelab: *W,SDFNET: Unable to annotate to non-existent timing check (RECREM (posedge RN) (posedge CK) (117) (0)) of instance tb_otp_controller.u_dut.\ratio_p1_reg[3]  of module DFFRHQX1 <../synthesis/synout/otp_controller_postsyn.sdf, line 3066>.
xmelab: *W,SDFNET: Unable to annotate to non-existent timing check (RECREM (posedge RN) (posedge CK) (117) (0)) of instance tb_otp_controller.u_dut.\ratio_p1_reg[4]  of module DFFRHQX1 <../synthesis/synout/otp_controller_postsyn.sdf, line 3087>.
xmelab: *W,SDFNET: Unable to annotate to non-existent timing check (RECREM (posedge RN) (posedge CK) (117) (0)) of instance tb_otp_controller.u_dut.\ratio_p1_reg[5]  of module DFFRHQX1 <../synthesis/synout/otp_controller_postsyn.sdf, line 3108>.
xmelab: *W,SDFNET: Unable to annotate to non-existent timing check (RECREM (posedge RN) (posedge CK) (117) (0)) of instance tb_otp_controller.u_dut.\ratio_p1_reg[6]  of module DFFRHQX1 <../synthesis/synout/otp_controller_postsyn.sdf, line 3129>.
xmelab: *W,SDFNET: Unable to annotate to non-existent timing check (RECREM (posedge RN) (posedge CK) (117) (0)) of instance tb_otp_controller.u_dut.\ratio_p1_reg[7]  of module DFFRHQX1 <../synthesis/synout/otp_controller_postsyn.sdf, line 3150>.
xmelab: *W,SDFNET: Unable to annotate to non-existent timing check (RECREM (posedge RN) (posedge CK) (117) (0)) of instance tb_otp_controller.u_dut.\ratio_p1_reg[8]  of module DFFRHQX1 <../synthesis/synout/otp_controller_postsyn.sdf, line 3171>.
xmelab: *W,SDFNET: Unable to annotate to non-existent timing check (RECREM (posedge RN) (posedge CK) (117) (0)) of instance tb_otp_controller.u_dut.\ratio_p1_reg[9]  of module DFFRHQX1 <../synthesis/synout/otp_controller_postsyn.sdf, line 3192>.
xmelab: *W,SDFNET: Unable to annotate to non-existent timing check (RECREM (posedge RN) (posedge CK) (117) (0)) of instance tb_otp_controller.u_dut.\ratio_p1_reg[10]  of module DFFRHQX1 <../synthesis/synout/otp_controller_postsyn.sdf, line 3213>.
xmelab: *W,SDFNET: Unable to annotate to non-existent timing check (RECREM (posedge RN) (posedge CK) (117) (0)) of instance tb_otp_controller.u_dut.\ratio_p1_reg[11]  of module DFFRHQX1 <../synthesis/synout/otp_controller_postsyn.sdf, line 3234>.
xmelab: *W,SDFNET: Unable to annotate to non-existent timing check (RECREM (posedge RN) (posedge CK) (117) (0)) of instance tb_otp_controller.u_dut.\ratio_p1_reg[12]  of module DFFRHQX1 <../synthesis/synout/otp_controller_postsyn.sdf, line 3255>.
xmelab: *W,SDFNET: Unable to annotate to non-existent timing check (RECREM (posedge RN) (posedge CK) (117) (0)) of instance tb_otp_controller.u_dut.\ratio_p1_reg[13]  of module DFFRHQX1 <../synthesis/synout/otp_controller_postsyn.sdf, line 3276>.
xmelab: *W,SDFNET: Unable to annotate to non-existent timing check (RECREM (posedge RN) (posedge CK) (117) (0)) of instance tb_otp_controller.u_dut.\ratio_p1_reg[14]  of module DFFRHQX1 <../synthesis/synout/otp_controller_postsyn.sdf, line 3297>.
xmelab: *W,SDFNET: Unable to annotate to non-existent timing check (RECREM (posedge RN) (posedge CK) (117) (0)) of instance tb_otp_controller.u_dut.\ratio_p1_reg[15]  of module DFFRHQX1 <../synthesis/synout/otp_controller_postsyn.sdf, line 3318>.
xmelab: *W,SDFNET: Unable to annotate to non-existent timing check (RECREM (posedge RN) (posedge CK) (117) (0)) of instance tb_otp_controller.u_dut.\ratio_p1_reg[16]  of module DFFRHQX1 <../synthesis/synout/otp_controller_postsyn.sdf, line 3339>.
xmelab: *W,SDFNET: Unable to annotate to non-existent timing check (RECREM (posedge RN) (posedge CK) (117) (0)) of instance tb_otp_controller.u_dut.\ratio_p1_reg[17]  of module DFFRHQX1 <../synthesis/synout/otp_controller_postsyn.sdf, line 3360>.
xmelab: *W,SDFNET: Unable to annotate to non-existent timing check (RECREM (posedge RN) (posedge CK) (117) (0)) of instance tb_otp_controller.u_dut.\ratio_p1_reg[18]  of module DFFRHQX1 <../synthesis/synout/otp_controller_postsyn.sdf, line 3381>.
xmelab: *W,SDFNET: Unable to annotate to non-existent timing check (RECREM (posedge RN) (posedge CK) (117) (0)) of instance tb_otp_controller.u_dut.\ratio_p1_reg[19]  of module DFFRHQX1 <../synthesis/synout/otp_controller_postsyn.sdf, line 3402>.
xmelab: *W,SDFNET: Unable to annotate to non-existent timing check (RECREM (posedge RN) (posedge CK) (117) (0)) of instance tb_otp_controller.u_dut.\ratio_p2_reg[0]  of module DFFRHQX1 <../synthesis/synout/otp_controller_postsyn.sdf, line 3423>.
xmelab: *W,SDFNET: Unable to annotate to non-existent timing check (RECREM (posedge RN) (posedge CK) (117) (0)) of instance tb_otp_controller.u_dut.\ratio_p2_reg[1]  of module DFFRHQX1 <../synthesis/synout/otp_controller_postsyn.sdf, line 3444>.
xmelab: *W,SDFNET: Unable to annotate to non-existent timing check (RECREM (posedge RN) (posedge CK) (117) (0)) of instance tb_otp_controller.u_dut.\ratio_p2_reg[2]  of module DFFRHQX1 <../synthesis/synout/otp_controller_postsyn.sdf, line 3465>.
xmelab: *W,SDFNET: Unable to annotate to non-existent timing check (RECREM (posedge RN) (posedge CK) (117) (0)) of instance tb_otp_controller.u_dut.\ratio_p2_reg[3]  of module DFFRHQX1 <../synthesis/synout/otp_controller_postsyn.sdf, line 3486>.
xmelab: *W,SDFNET: Unable to annotate to non-existent timing check (RECREM (posedge RN) (posedge CK) (117) (0)) of instance tb_otp_controller.u_dut.\ratio_p2_reg[4]  of module DFFRHQX1 <../synthesis/synout/otp_controller_postsyn.sdf, line 3507>.
xmelab: *W,SDFNET: Unable to annotate to non-existent timing check (RECREM (posedge RN) (posedge CK) (117) (0)) of instance tb_otp_controller.u_dut.\ratio_p2_reg[5]  of module DFFRHQX1 <../synthesis/synout/otp_controller_postsyn.sdf, line 3528>.
xmelab: *W,SDFNET: Unable to annotate to non-existent timing check (RECREM (posedge RN) (posedge CK) (117) (0)) of instance tb_otp_controller.u_dut.\ratio_p2_reg[6]  of module DFFRHQX1 <../synthesis/synout/otp_controller_postsyn.sdf, line 3549>.
xmelab: *W,SDFNET: Unable to annotate to non-existent timing check (RECREM (posedge RN) (posedge CK) (117) (0)) of instance tb_otp_controller.u_dut.\ratio_p2_reg[7]  of module DFFRHQX1 <../synthesis/synout/otp_controller_postsyn.sdf, line 3570>.
xmelab: *W,SDFNET: Unable to annotate to non-existent timing check (RECREM (posedge RN) (posedge CK) (117) (0)) of instance tb_otp_controller.u_dut.\ratio_p2_reg[8]  of module DFFRHQX1 <../synthesis/synout/otp_controller_postsyn.sdf, line 3591>.
xmelab: *W,SDFNET: Unable to annotate to non-existent timing check (RECREM (posedge RN) (posedge CK) (117) (0)) of instance tb_otp_controller.u_dut.\ratio_p2_reg[9]  of module DFFRHQX1 <../synthesis/synout/otp_controller_postsyn.sdf, line 3612>.
xmelab: *W,SDFNET: Unable to annotate to non-existent timing check (RECREM (posedge RN) (posedge CK) (117) (0)) of instance tb_otp_controller.u_dut.\ratio_p2_reg[10]  of module DFFRHQX1 <../synthesis/synout/otp_controller_postsyn.sdf, line 3633>.
xmelab: *W,SDFNET: Unable to annotate to non-existent timing check (RECREM (posedge RN) (posedge CK) (117) (0)) of instance tb_otp_controller.u_dut.\ratio_p2_reg[11]  of module DFFRHQX1 <../synthesis/synout/otp_controller_postsyn.sdf, line 3654>.
xmelab: *W,SDFNET: Unable to annotate to non-existent timing check (RECREM (posedge RN) (posedge CK) (117) (0)) of instance tb_otp_controller.u_dut.\ratio_p2_reg[12]  of module DFFRHQX1 <../synthesis/synout/otp_controller_postsyn.sdf, line 3675>.
xmelab: *W,SDFNET: Unable to annotate to non-existent timing check (RECREM (posedge RN) (posedge CK) (117) (0)) of instance tb_otp_controller.u_dut.\ratio_p2_reg[13]  of module DFFRHQX1 <../synthesis/synout/otp_controller_postsyn.sdf, line 3696>.
xmelab: *W,SDFNET: Unable to annotate to non-existent timing check (RECREM (posedge RN) (posedge CK) (117) (0)) of instance tb_otp_controller.u_dut.\ratio_p2_reg[14]  of module DFFRHQX1 <../synthesis/synout/otp_controller_postsyn.sdf, line 3717>.
xmelab: *W,SDFNET: Unable to annotate to non-existent timing check (RECREM (posedge RN) (posedge CK) (117) (0)) of instance tb_otp_controller.u_dut.\ratio_p2_reg[15]  of module DFFRHQX1 <../synthesis/synout/otp_controller_postsyn.sdf, line 3738>.
xmelab: *W,SDFNET: Unable to annotate to non-existent timing check (RECREM (posedge RN) (posedge CK) (117) (0)) of instance tb_otp_controller.u_dut.\ratio_p2_reg[16]  of module DFFRHQX1 <../synthesis/synout/otp_controller_postsyn.sdf, line 3759>.
xmelab: *W,SDFNET: Unable to annotate to non-existent timing check (RECREM (posedge RN) (posedge CK) (117) (0)) of instance tb_otp_controller.u_dut.\ratio_p2_reg[17]  of module DFFRHQX1 <../synthesis/synout/otp_controller_postsyn.sdf, line 3780>.
xmelab: *W,SDFNET: Unable to annotate to non-existent timing check (RECREM (posedge RN) (posedge CK) (117) (0)) of instance tb_otp_controller.u_dut.\ratio_p2_reg[18]  of module DFFRHQX1 <../synthesis/synout/otp_controller_postsyn.sdf, line 3801>.
xmelab: *W,SDFNET: Unable to annotate to non-existent timing check (RECREM (posedge RN) (posedge CK) (117) (0)) of instance tb_otp_controller.u_dut.\ratio_p2_reg[19]  of module DFFRHQX1 <../synthesis/synout/otp_controller_postsyn.sdf, line 3822>.
xmelab: *W,SDFNET: Unable to annotate to non-existent timing check (RECREM (posedge RN) (posedge CK) (117) (0)) of instance tb_otp_controller.u_dut.\ratio_p3_reg[0]  of module DFFRHQX1 <../synthesis/synout/otp_controller_postsyn.sdf, line 3843>.
xmelab: *W,SDFNET: Unable to annotate to non-existent timing check (RECREM (posedge RN) (posedge CK) (117) (0)) of instance tb_otp_controller.u_dut.\ratio_p3_reg[1]  of module DFFRHQX1 <../synthesis/synout/otp_controller_postsyn.sdf, line 3864>.
xmelab: *W,SDFNET: Unable to annotate to non-existent timing check (RECREM (posedge RN) (posedge CK) (117) (0)) of instance tb_otp_controller.u_dut.\ratio_p3_reg[2]  of module DFFRHQX1 <../synthesis/synout/otp_controller_postsyn.sdf, line 3885>.
xmelab: *W,SDFNET: Unable to annotate to non-existent timing check (RECREM (posedge RN) (posedge CK) (117) (0)) of instance tb_otp_controller.u_dut.\ratio_p3_reg[3]  of module DFFRHQX1 <../synthesis/synout/otp_controller_postsyn.sdf, line 3906>.
xmelab: *W,SDFNET: Unable to annotate to non-existent timing check (RECREM (posedge RN) (posedge CK) (117) (0)) of instance tb_otp_controller.u_dut.\ratio_p3_reg[4]  of module DFFRHQX1 <../synthesis/synout/otp_controller_postsyn.sdf, line 3927>.
xmelab: *W,SDFNET: Unable to annotate to non-existent timing check (RECREM (posedge RN) (posedge CK) (117) (0)) of instance tb_otp_controller.u_dut.\ratio_p3_reg[5]  of module DFFRHQX1 <../synthesis/synout/otp_controller_postsyn.sdf, line 3948>.
xmelab: *W,SDFNET: Unable to annotate to non-existent timing check (RECREM (posedge RN) (posedge CK) (117) (0)) of instance tb_otp_controller.u_dut.\ratio_p3_reg[6]  of module DFFRHQX1 <../synthesis/synout/otp_controller_postsyn.sdf, line 3969>.
xmelab: *W,SDFNET: Unable to annotate to non-existent timing check (RECREM (posedge RN) (posedge CK) (117) (0)) of instance tb_otp_controller.u_dut.\ratio_p3_reg[7]  of module DFFRHQX1 <../synthesis/synout/otp_controller_postsyn.sdf, line 3990>.
xmelab: *W,SDFNET: Unable to annotate to non-existent timing check (RECREM (posedge RN) (posedge CK) (117) (0)) of instance tb_otp_controller.u_dut.\ratio_p3_reg[8]  of module DFFRHQX1 <../synthesis/synout/otp_controller_postsyn.sdf, line 4011>.
xmelab: *W,SDFNET: Unable to annotate to non-existent timing check (RECREM (posedge RN) (posedge CK) (117) (0)) of instance tb_otp_controller.u_dut.\ratio_p3_reg[9]  of module DFFRHQX1 <../synthesis/synout/otp_controller_postsyn.sdf, line 4032>.
xmelab: *W,SDFNET: Unable to annotate to non-existent timing check (RECREM (posedge RN) (posedge CK) (117) (0)) of instance tb_otp_controller.u_dut.\ratio_p3_reg[10]  of module DFFRHQX1 <../synthesis/synout/otp_controller_postsyn.sdf, line 4053>.
xmelab: *W,SDFNET: Unable to annotate to non-existent timing check (RECREM (posedge RN) (posedge CK) (117) (0)) of instance tb_otp_controller.u_dut.\ratio_p3_reg[11]  of module DFFRHQX1 <../synthesis/synout/otp_controller_postsyn.sdf, line 4074>.
xmelab: *W,SDFNET: Unable to annotate to non-existent timing check (RECREM (posedge RN) (posedge CK) (117) (0)) of instance tb_otp_controller.u_dut.\ratio_p3_reg[12]  of module DFFRHQX1 <../synthesis/synout/otp_controller_postsyn.sdf, line 4095>.
xmelab: *W,SDFNET: Unable to annotate to non-existent timing check (RECREM (posedge RN) (posedge CK) (117) (0)) of instance tb_otp_controller.u_dut.\ratio_p3_reg[13]  of module DFFRHQX1 <../synthesis/synout/otp_controller_postsyn.sdf, line 4116>.
xmelab: *W,SDFNET: Unable to annotate to non-existent timing check (RECREM (posedge RN) (posedge CK) (117) (0)) of instance tb_otp_controller.u_dut.\ratio_p3_reg[14]  of module DFFRHQX1 <../synthesis/synout/otp_controller_postsyn.sdf, line 4137>.
xmelab: *W,SDFNET: Unable to annotate to non-existent timing check (RECREM (posedge RN) (posedge CK) (117) (0)) of instance tb_otp_controller.u_dut.\ratio_p3_reg[15]  of module DFFRHQX1 <../synthesis/synout/otp_controller_postsyn.sdf, line 4158>.
xmelab: *W,SDFNET: Unable to annotate to non-existent timing check (RECREM (posedge RN) (posedge CK) (117) (0)) of instance tb_otp_controller.u_dut.\ratio_p3_reg[16]  of module DFFRHQX1 <../synthesis/synout/otp_controller_postsyn.sdf, line 4179>.
xmelab: *W,SDFNET: Unable to annotate to non-existent timing check (RECREM (posedge RN) (posedge CK) (117) (0)) of instance tb_otp_controller.u_dut.\ratio_p3_reg[17]  of module DFFRHQX1 <../synthesis/synout/otp_controller_postsyn.sdf, line 4200>.
xmelab: *W,SDFNET: Unable to annotate to non-existent timing check (RECREM (posedge RN) (posedge CK) (117) (0)) of instance tb_otp_controller.u_dut.\ratio_p3_reg[18]  of module DFFRHQX1 <../synthesis/synout/otp_controller_postsyn.sdf, line 4221>.
xmelab: *W,SDFNET: Unable to annotate to non-existent timing check (RECREM (posedge RN) (posedge CK) (117) (0)) of instance tb_otp_controller.u_dut.\ratio_p3_reg[19]  of module DFFRHQX1 <../synthesis/synout/otp_controller_postsyn.sdf, line 4242>.
xmelab: *W,SDFNET: Unable to annotate to non-existent timing check (RECREM (posedge RN) (posedge CK) (117) (0)) of instance tb_otp_controller.u_dut.\ratio_p4_reg[0]  of module DFFRHQX1 <../synthesis/synout/otp_controller_postsyn.sdf, line 4263>.
xmelab: *W,SDFNET: Unable to annotate to non-existent timing check (RECREM (posedge RN) (posedge CK) (117) (0)) of instance tb_otp_controller.u_dut.\ratio_p4_reg[1]  of module DFFRHQX1 <../synthesis/synout/otp_controller_postsyn.sdf, line 4284>.
xmelab: *W,SDFNET: Unable to annotate to non-existent timing check (RECREM (posedge RN) (posedge CK) (117) (0)) of instance tb_otp_controller.u_dut.\ratio_p4_reg[2]  of module DFFRHQX1 <../synthesis/synout/otp_controller_postsyn.sdf, line 4305>.
xmelab: *W,SDFNET: Unable to annotate to non-existent timing check (RECREM (posedge RN) (posedge CK) (117) (0)) of instance tb_otp_controller.u_dut.\ratio_p4_reg[3]  of module DFFRHQX1 <../synthesis/synout/otp_controller_postsyn.sdf, line 4326>.
xmelab: *W,SDFNET: Unable to annotate to non-existent timing check (RECREM (posedge RN) (posedge CK) (117) (0)) of instance tb_otp_controller.u_dut.\ratio_p4_reg[4]  of module DFFRHQX1 <../synthesis/synout/otp_controller_postsyn.sdf, line 4347>.
xmelab: *W,SDFNET: Unable to annotate to non-existent timing check (RECREM (posedge RN) (posedge CK) (117) (0)) of instance tb_otp_controller.u_dut.\ratio_p4_reg[5]  of module DFFRHQX1 <../synthesis/synout/otp_controller_postsyn.sdf, line 4368>.
xmelab: *W,SDFNET: Unable to annotate to non-existent timing check (RECREM (posedge RN) (posedge CK) (117) (0)) of instance tb_otp_controller.u_dut.\ratio_p4_reg[6]  of module DFFRHQX1 <../synthesis/synout/otp_controller_postsyn.sdf, line 4389>.
xmelab: *W,SDFNET: Unable to annotate to non-existent timing check (RECREM (posedge RN) (posedge CK) (117) (0)) of instance tb_otp_controller.u_dut.\ratio_p4_reg[7]  of module DFFRHQX1 <../synthesis/synout/otp_controller_postsyn.sdf, line 4410>.
xmelab: *W,SDFNET: Unable to annotate to non-existent timing check (RECREM (posedge RN) (posedge CK) (117) (0)) of instance tb_otp_controller.u_dut.\ratio_p4_reg[8]  of module DFFRHQX1 <../synthesis/synout/otp_controller_postsyn.sdf, line 4431>.
xmelab: *W,SDFNET: Unable to annotate to non-existent timing check (RECREM (posedge RN) (posedge CK) (117) (0)) of instance tb_otp_controller.u_dut.\ratio_p4_reg[9]  of module DFFRHQX1 <../synthesis/synout/otp_controller_postsyn.sdf, line 4452>.
xmelab: *W,SDFNET: Unable to annotate to non-existent timing check (RECREM (posedge RN) (posedge CK) (117) (0)) of instance tb_otp_controller.u_dut.\ratio_p4_reg[10]  of module DFFRHQX1 <../synthesis/synout/otp_controller_postsyn.sdf, line 4473>.
xmelab: *W,SDFNET: Unable to annotate to non-existent timing check (RECREM (posedge RN) (posedge CK) (117) (0)) of instance tb_otp_controller.u_dut.\ratio_p4_reg[11]  of module DFFRHQX1 <../synthesis/synout/otp_controller_postsyn.sdf, line 4494>.
xmelab: *W,SDFNET: Unable to annotate to non-existent timing check (RECREM (posedge RN) (posedge CK) (117) (0)) of instance tb_otp_controller.u_dut.\ratio_p4_reg[12]  of module DFFRHQX1 <../synthesis/synout/otp_controller_postsyn.sdf, line 4515>.
xmelab: *W,SDFNET: Unable to annotate to non-existent timing check (RECREM (posedge RN) (posedge CK) (117) (0)) of instance tb_otp_controller.u_dut.\ratio_p4_reg[13]  of module DFFRHQX1 <../synthesis/synout/otp_controller_postsyn.sdf, line 4536>.
xmelab: *W,SDFNET: Unable to annotate to non-existent timing check (RECREM (posedge RN) (posedge CK) (117) (0)) of instance tb_otp_controller.u_dut.\ratio_p4_reg[14]  of module DFFRHQX1 <../synthesis/synout/otp_controller_postsyn.sdf, line 4557>.
xmelab: *W,SDFNET: Unable to annotate to non-existent timing check (RECREM (posedge RN) (posedge CK) (117) (0)) of instance tb_otp_controller.u_dut.\ratio_p4_reg[15]  of module DFFRHQX1 <../synthesis/synout/otp_controller_postsyn.sdf, line 4578>.
xmelab: *W,SDFNET: Unable to annotate to non-existent timing check (RECREM (posedge RN) (posedge CK) (117) (0)) of instance tb_otp_controller.u_dut.\ratio_p4_reg[16]  of module DFFRHQX1 <../synthesis/synout/otp_controller_postsyn.sdf, line 4599>.
xmelab: *W,SDFNET: Unable to annotate to non-existent timing check (RECREM (posedge RN) (posedge CK) (117) (0)) of instance tb_otp_controller.u_dut.\ratio_p4_reg[17]  of module DFFRHQX1 <../synthesis/synout/otp_controller_postsyn.sdf, line 4620>.
xmelab: *W,SDFNET: Unable to annotate to non-existent timing check (RECREM (posedge RN) (posedge CK) (117) (0)) of instance tb_otp_controller.u_dut.\ratio_p4_reg[18]  of module DFFRHQX1 <../synthesis/synout/otp_controller_postsyn.sdf, line 4641>.
xmelab: *W,SDFNET: Unable to annotate to non-existent timing check (RECREM (posedge RN) (posedge CK) (117) (0)) of instance tb_otp_controller.u_dut.\ratio_p4_reg[19]  of module DFFRHQX1 <../synthesis/synout/otp_controller_postsyn.sdf, line 4662>.
xmelab: *W,SDFNET: Unable to annotate to non-existent timing check (RECREM (posedge RN) (posedge CK) (102) (0)) of instance tb_otp_controller.u_dut.\rev_id_reg[0]  of module SDFFRHQXL <../synthesis/synout/otp_controller_postsyn.sdf, line 4685>.
xmelab: *W,SDFNET: Unable to annotate to non-existent timing check (RECREM (posedge RN) (posedge CK) (102) (0)) of instance tb_otp_controller.u_dut.\rev_id_reg[1]  of module SDFFRHQXL <../synthesis/synout/otp_controller_postsyn.sdf, line 4712>.
xmelab: *W,SDFNET: Unable to annotate to non-existent timing check (RECREM (posedge RN) (posedge CK) (102) (0)) of instance tb_otp_controller.u_dut.\rev_id_reg[2]  of module SDFFRHQXL <../synthesis/synout/otp_controller_postsyn.sdf, line 4739>.
xmelab: *W,SDFNET: Unable to annotate to non-existent timing check (RECREM (posedge RN) (posedge CK) (102) (0)) of instance tb_otp_controller.u_dut.\rev_id_reg[3]  of module SDFFRHQXL <../synthesis/synout/otp_controller_postsyn.sdf, line 4766>.
xmelab: *W,SDFNET: Unable to annotate to non-existent timing check (RECREM (posedge RN) (posedge CK) (102) (0)) of instance tb_otp_controller.u_dut.\rev_id_reg[4]  of module SDFFRHQXL <../synthesis/synout/otp_controller_postsyn.sdf, line 4793>.
xmelab: *W,SDFNET: Unable to annotate to non-existent timing check (RECREM (posedge RN) (posedge CK) (102) (0)) of instance tb_otp_controller.u_dut.\rev_id_reg[5]  of module SDFFRHQXL <../synthesis/synout/otp_controller_postsyn.sdf, line 4820>.
xmelab: *W,SDFNET: Unable to annotate to non-existent timing check (RECREM (posedge RN) (posedge CK) (117) (0)) of instance tb_otp_controller.u_dut.\ro_trim_code_reg[0]  of module DFFRHQX1 <../synthesis/synout/otp_controller_postsyn.sdf, line 4845>.
xmelab: *W,SDFNET: Unable to annotate to non-existent timing check (RECREM (posedge RN) (posedge CK) (117) (0)) of instance tb_otp_controller.u_dut.\ro_trim_code_reg[1]  of module DFFRHQX1 <../synthesis/synout/otp_controller_postsyn.sdf, line 4866>.
xmelab: *W,SDFNET: Unable to annotate to non-existent timing check (RECREM (posedge RN) (posedge CK) (117) (0)) of instance tb_otp_controller.u_dut.\ro_trim_code_reg[2]  of module DFFRHQX1 <../synthesis/synout/otp_controller_postsyn.sdf, line 4887>.
xmelab: *W,SDFNET: Unable to annotate to non-existent timing check (RECREM (posedge RN) (posedge CK) (117) (0)) of instance tb_otp_controller.u_dut.\ro_trim_code_reg[3]  of module DFFRHQX1 <../synthesis/synout/otp_controller_postsyn.sdf, line 4908>.
xmelab: *W,SDFNET: Unable to annotate to non-existent timing check (RECREM (posedge RN) (posedge CK) (117) (0)) of instance tb_otp_controller.u_dut.\ro_trim_code_reg[4]  of module DFFRHQX1 <../synthesis/synout/otp_controller_postsyn.sdf, line 4929>.
xmelab: *W,SDFNET: Unable to annotate to non-existent timing check (RECREM (posedge RN) (posedge CK) (117) (0)) of instance tb_otp_controller.u_dut.\ro_trim_code_reg[5]  of module DFFRHQX1 <../synthesis/synout/otp_controller_postsyn.sdf, line 4950>.
xmelab: *W,SDFNET: Unable to annotate to non-existent timing check (RECREM (posedge RN) (posedge CK) (117) (0)) of instance tb_otp_controller.u_dut.\ro_trim_code_reg[6]  of module DFFRHQX1 <../synthesis/synout/otp_controller_postsyn.sdf, line 4971>.
xmelab: *W,SDFNET: Unable to annotate to non-existent timing check (RECREM (posedge RN) (posedge CK) (117) (0)) of instance tb_otp_controller.u_dut.\ro_trim_code_reg[7]  of module DFFRHQX1 <../synthesis/synout/otp_controller_postsyn.sdf, line 4992>.
xmelab: *W,SDFNET: Unable to annotate to non-existent timing check (RECREM (posedge RN) (posedge CK) (117) (0)) of instance tb_otp_controller.u_dut.\ro_trim_code_reg[8]  of module DFFRHQX1 <../synthesis/synout/otp_controller_postsyn.sdf, line 5013>.
xmelab: *W,SDFNET: Unable to annotate to non-existent timing check (RECREM (posedge RN) (posedge CK) (117) (0)) of instance tb_otp_controller.u_dut.\ro_trim_code_reg[9]  of module DFFRHQX1 <../synthesis/synout/otp_controller_postsyn.sdf, line 5034>.
xmelab: *W,SDFNET: Unable to annotate to non-existent timing check (RECREM (posedge RN) (posedge CK) (117) (0)) of instance tb_otp_controller.u_dut.\ro_trim_code_reg[10]  of module DFFRHQX1 <../synthesis/synout/otp_controller_postsyn.sdf, line 5055>.
xmelab: *W,SDFNET: Unable to annotate to non-existent timing check (RECREM (posedge RN) (posedge CK) (117) (0)) of instance tb_otp_controller.u_dut.\ro_trim_code_reg[11]  of module DFFRHQX1 <../synthesis/synout/otp_controller_postsyn.sdf, line 5076>.
xmelab: *W,SDFNET: Unable to annotate to non-existent timing check (RECREM (posedge RN) (posedge CK) (117) (0)) of instance tb_otp_controller.u_dut.\ro_trim_code_reg[12]  of module DFFRHQX1 <../synthesis/synout/otp_controller_postsyn.sdf, line 5097>.
xmelab: *W,SDFNET: Unable to annotate to non-existent timing check (RECREM (posedge RN) (posedge CK) (117) (0)) of instance tb_otp_controller.u_dut.\ro_trim_code_reg[13]  of module DFFRHQX1 <../synthesis/synout/otp_controller_postsyn.sdf, line 5118>.
xmelab: *W,SDFNET: Unable to annotate to non-existent timing check (RECREM (posedge RN) (posedge CK) (117) (0)) of instance tb_otp_controller.u_dut.\ro_trim_code_reg[14]  of module DFFRHQX1 <../synthesis/synout/otp_controller_postsyn.sdf, line 5139>.
xmelab: *W,SDFNET: Unable to annotate to non-existent timing check (RECREM (posedge RN) (posedge CK) (102) (0)) of instance tb_otp_controller.u_dut.\sku_code_reg[0]  of module SDFFRHQXL <../synthesis/synout/otp_controller_postsyn.sdf, line 5162>.
xmelab: *W,SDFNET: Unable to annotate to non-existent timing check (RECREM (posedge RN) (posedge CK) (102) (0)) of instance tb_otp_controller.u_dut.\sku_code_reg[1]  of module SDFFRHQXL <../synthesis/synout/otp_controller_postsyn.sdf, line 5189>.
xmelab: *W,SDFNET: Unable to annotate to non-existent timing check (RECREM (posedge SN) (posedge CK) (0) (99)) of instance tb_otp_controller.u_dut.start_pending_reg of module DFFSX1 <../synthesis/synout/otp_controller_postsyn.sdf, line 5216>.
xmelab: *W,SDFNET: Unable to annotate to non-existent timing check (RECREM (posedge RN) (posedge CK) (117) (0)) of instance tb_otp_controller.u_dut.\state_reg[0]  of module DFFRHQX1 <../synthesis/synout/otp_controller_postsyn.sdf, line 5237>.
xmelab: *W,SDFNET: Unable to annotate to non-existent timing check (RECREM (posedge RN) (posedge CK) (117) (0)) of instance tb_otp_controller.u_dut.\state_reg[1]  of module DFFRHQX1 <../synthesis/synout/otp_controller_postsyn.sdf, line 5258>.
xmelab: *W,SDFNET: Unable to annotate to non-existent timing check (RECREM (posedge RN) (posedge CK) (117) (0)) of instance tb_otp_controller.u_dut.\state_reg[2]  of module DFFRHQX1 <../synthesis/synout/otp_controller_postsyn.sdf, line 5279>.
xmelab: *W,SDFNET: Unable to annotate to non-existent timing check (RECREM (posedge RN) (posedge CK) (117) (0)) of instance tb_otp_controller.u_dut.\tc1_coeff_reg[0]  of module DFFRHQX1 <../synthesis/synout/otp_controller_postsyn.sdf, line 5300>.
xmelab: *W,SDFNET: Unable to annotate to non-existent timing check (RECREM (posedge RN) (posedge CK) (117) (0)) of instance tb_otp_controller.u_dut.\tc1_coeff_reg[1]  of module DFFRHQX1 <../synthesis/synout/otp_controller_postsyn.sdf, line 5321>.
xmelab: *W,SDFNET: Unable to annotate to non-existent timing check (RECREM (posedge RN) (posedge CK) (117) (0)) of instance tb_otp_controller.u_dut.\tc1_coeff_reg[2]  of module DFFRHQX1 <../synthesis/synout/otp_controller_postsyn.sdf, line 5342>.
xmelab: *W,SDFNET: Unable to annotate to non-existent timing check (RECREM (posedge RN) (posedge CK) (117) (0)) of instance tb_otp_controller.u_dut.\tc1_coeff_reg[3]  of module DFFRHQX1 <../synthesis/synout/otp_controller_postsyn.sdf, line 5363>.
xmelab: *W,SDFNET: Unable to annotate to non-existent timing check (RECREM (posedge RN) (posedge CK) (117) (0)) of instance tb_otp_controller.u_dut.\tc1_coeff_reg[4]  of module DFFRHQX1 <../synthesis/synout/otp_controller_postsyn.sdf, line 5384>.
xmelab: *W,SDFNET: Unable to annotate to non-existent timing check (RECREM (posedge RN) (posedge CK) (117) (0)) of instance tb_otp_controller.u_dut.\tc1_coeff_reg[5]  of module DFFRHQX1 <../synthesis/synout/otp_controller_postsyn.sdf, line 5405>.
xmelab: *W,SDFNET: Unable to annotate to non-existent timing check (RECREM (posedge RN) (posedge CK) (117) (0)) of instance tb_otp_controller.u_dut.\tc1_coeff_reg[6]  of module DFFRHQX1 <../synthesis/synout/otp_controller_postsyn.sdf, line 5426>.
xmelab: *W,SDFNET: Unable to annotate to non-existent timing check (RECREM (posedge RN) (posedge CK) (117) (0)) of instance tb_otp_controller.u_dut.\tc1_coeff_reg[7]  of module DFFRHQX1 <../synthesis/synout/otp_controller_postsyn.sdf, line 5447>.
xmelab: *W,SDFNET: Unable to annotate to non-existent timing check (RECREM (posedge RN) (posedge CK) (117) (0)) of instance tb_otp_controller.u_dut.\tc1_coeff_reg[8]  of module DFFRHQX1 <../synthesis/synout/otp_controller_postsyn.sdf, line 5468>.
xmelab: *W,SDFNET: Unable to annotate to non-existent timing check (RECREM (posedge RN) (posedge CK) (117) (0)) of instance tb_otp_controller.u_dut.\tc1_coeff_reg[9]  of module DFFRHQX1 <../synthesis/synout/otp_controller_postsyn.sdf, line 5489>.
xmelab: *W,SDFNET: Unable to annotate to non-existent timing check (RECREM (posedge RN) (posedge CK) (117) (0)) of instance tb_otp_controller.u_dut.\tc1_coeff_reg[10]  of module DFFRHQX1 <../synthesis/synout/otp_controller_postsyn.sdf, line 5510>.
xmelab: *W,SDFNET: Unable to annotate to non-existent timing check (RECREM (posedge RN) (posedge CK) (117) (0)) of instance tb_otp_controller.u_dut.\tc1_coeff_reg[11]  of module DFFRHQX1 <../synthesis/synout/otp_controller_postsyn.sdf, line 5531>.
xmelab: *W,SDFNET: Unable to annotate to non-existent timing check (RECREM (posedge RN) (posedge CK) (117) (0)) of instance tb_otp_controller.u_dut.\tc1_coeff_reg[12]  of module DFFRHQX1 <../synthesis/synout/otp_controller_postsyn.sdf, line 5552>.
xmelab: *W,SDFNET: Unable to annotate to non-existent timing check (RECREM (posedge RN) (posedge CK) (117) (0)) of instance tb_otp_controller.u_dut.\tc1_coeff_reg[13]  of module DFFRHQX1 <../synthesis/synout/otp_controller_postsyn.sdf, line 5573>.
xmelab: *W,SDFNET: Unable to annotate to non-existent timing check (RECREM (posedge RN) (posedge CK) (117) (0)) of instance tb_otp_controller.u_dut.\tc1_coeff_reg[14]  of module DFFRHQX1 <../synthesis/synout/otp_controller_postsyn.sdf, line 5594>.
xmelab: *W,SDFNET: Unable to annotate to non-existent timing check (RECREM (posedge RN) (posedge CK) (117) (0)) of instance tb_otp_controller.u_dut.\tc1_coeff_reg[15]  of module DFFRHQX1 <../synthesis/synout/otp_controller_postsyn.sdf, line 5615>.
xmelab: *W,SDFNET: Unable to annotate to non-existent timing check (RECREM (posedge RN) (posedge CK) (117) (0)) of instance tb_otp_controller.u_dut.\tc2_coeff_reg[0]  of module DFFRHQX1 <../synthesis/synout/otp_controller_postsyn.sdf, line 5636>.
xmelab: *W,SDFNET: Unable to annotate to non-existent timing check (RECREM (posedge RN) (posedge CK) (117) (0)) of instance tb_otp_controller.u_dut.\tc2_coeff_reg[1]  of module DFFRHQX1 <../synthesis/synout/otp_controller_postsyn.sdf, line 5657>.
xmelab: *W,SDFNET: Unable to annotate to non-existent timing check (RECREM (posedge RN) (posedge CK) (117) (0)) of instance tb_otp_controller.u_dut.\tc2_coeff_reg[2]  of module DFFRHQX1 <../synthesis/synout/otp_controller_postsyn.sdf, line 5678>.
xmelab: *W,SDFNET: Unable to annotate to non-existent timing check (RECREM (posedge RN) (posedge CK) (117) (0)) of instance tb_otp_controller.u_dut.\tc2_coeff_reg[3]  of module DFFRHQX1 <../synthesis/synout/otp_controller_postsyn.sdf, line 5699>.
xmelab: *W,SDFNET: Unable to annotate to non-existent timing check (RECREM (posedge RN) (posedge CK) (117) (0)) of instance tb_otp_controller.u_dut.\tc2_coeff_reg[4]  of module DFFRHQX1 <../synthesis/synout/otp_controller_postsyn.sdf, line 5720>.
xmelab: *W,SDFNET: Unable to annotate to non-existent timing check (RECREM (posedge RN) (posedge CK) (117) (0)) of instance tb_otp_controller.u_dut.\tc2_coeff_reg[5]  of module DFFRHQX1 <../synthesis/synout/otp_controller_postsyn.sdf, line 5741>.
xmelab: *W,SDFNET: Unable to annotate to non-existent timing check (RECREM (posedge RN) (posedge CK) (117) (0)) of instance tb_otp_controller.u_dut.\tc2_coeff_reg[6]  of module DFFRHQX1 <../synthesis/synout/otp_controller_postsyn.sdf, line 5762>.
xmelab: *W,SDFNET: Unable to annotate to non-existent timing check (RECREM (posedge RN) (posedge CK) (117) (0)) of instance tb_otp_controller.u_dut.\tc2_coeff_reg[7]  of module DFFRHQX1 <../synthesis/synout/otp_controller_postsyn.sdf, line 5783>.
xmelab: *W,SDFNET: Unable to annotate to non-existent timing check (RECREM (posedge RN) (posedge CK) (117) (0)) of instance tb_otp_controller.u_dut.\tc2_coeff_reg[8]  of module DFFRHQX1 <../synthesis/synout/otp_controller_postsyn.sdf, line 5804>.
xmelab: *W,SDFNET: Unable to annotate to non-existent timing check (RECREM (posedge RN) (posedge CK) (117) (0)) of instance tb_otp_controller.u_dut.\tc2_coeff_reg[9]  of module DFFRHQX1 <../synthesis/synout/otp_controller_postsyn.sdf, line 5825>.
xmelab: *W,SDFNET: Unable to annotate to non-existent timing check (RECREM (posedge RN) (posedge CK) (117) (0)) of instance tb_otp_controller.u_dut.\tc2_coeff_reg[10]  of module DFFRHQX1 <../synthesis/synout/otp_controller_postsyn.sdf, line 5846>.
xmelab: *W,SDFNET: Unable to annotate to non-existent timing check (RECREM (posedge RN) (posedge CK) (117) (0)) of instance tb_otp_controller.u_dut.\tc2_coeff_reg[11]  of module DFFRHQX1 <../synthesis/synout/otp_controller_postsyn.sdf, line 5867>.
xmelab: *W,SDFNET: Unable to annotate to non-existent timing check (RECREM (posedge RN) (posedge CK) (117) (0)) of instance tb_otp_controller.u_dut.\tc2_coeff_reg[12]  of module DFFRHQX1 <../synthesis/synout/otp_controller_postsyn.sdf, line 5888>.
xmelab: *W,SDFNET: Unable to annotate to non-existent timing check (RECREM (posedge RN) (posedge CK) (117) (0)) of instance tb_otp_controller.u_dut.\tc2_coeff_reg[13]  of module DFFRHQX1 <../synthesis/synout/otp_controller_postsyn.sdf, line 5909>.
xmelab: *W,SDFNET: Unable to annotate to non-existent timing check (RECREM (posedge RN) (posedge CK) (117) (0)) of instance tb_otp_controller.u_dut.\tc2_coeff_reg[14]  of module DFFRHQX1 <../synthesis/synout/otp_controller_postsyn.sdf, line 5930>.
xmelab: *W,SDFNET: Unable to annotate to non-existent timing check (RECREM (posedge RN) (posedge CK) (117) (0)) of instance tb_otp_controller.u_dut.\tc2_coeff_reg[15]  of module DFFRHQX1 <../synthesis/synout/otp_controller_postsyn.sdf, line 5951>.
xmelab: *W,SDFNET: Unable to annotate to non-existent timing check (RECREM (posedge RN) (posedge CK) (117) (0)) of instance tb_otp_controller.u_dut.\temp_ro_trim_reg[0]  of module DFFRHQX1 <../synthesis/synout/otp_controller_postsyn.sdf, line 5972>.
xmelab: *W,SDFNET: Unable to annotate to non-existent timing check (RECREM (posedge RN) (posedge CK) (117) (0)) of instance tb_otp_controller.u_dut.\temp_ro_trim_reg[1]  of module DFFRHQX1 <../synthesis/synout/otp_controller_postsyn.sdf, line 5993>.
xmelab: *W,SDFNET: Unable to annotate to non-existent timing check (RECREM (posedge RN) (posedge CK) (117) (0)) of instance tb_otp_controller.u_dut.\temp_ro_trim_reg[2]  of module DFFRHQX1 <../synthesis/synout/otp_controller_postsyn.sdf, line 6014>.
xmelab: *W,SDFNET: Unable to annotate to non-existent timing check (RECREM (posedge RN) (posedge CK) (117) (0)) of instance tb_otp_controller.u_dut.\temp_ro_trim_reg[3]  of module DFFRHQX1 <../synthesis/synout/otp_controller_postsyn.sdf, line 6035>.
xmelab: *W,SDFNET: Unable to annotate to non-existent timing check (RECREM (posedge RN) (posedge CK) (117) (0)) of instance tb_otp_controller.u_dut.\temp_ro_trim_reg[4]  of module DFFRHQX1 <../synthesis/synout/otp_controller_postsyn.sdf, line 6056>.
xmelab: *W,SDFNET: Unable to annotate to non-existent timing check (RECREM (posedge RN) (posedge CK) (117) (0)) of instance tb_otp_controller.u_dut.\temp_ro_trim_reg[5]  of module DFFRHQX1 <../synthesis/synout/otp_controller_postsyn.sdf, line 6077>.
xmelab: *W,SDFNET: Unable to annotate to non-existent timing check (RECREM (posedge RN) (posedge CK) (117) (0)) of instance tb_otp_controller.u_dut.\tmp_aging_reg[0]  of module DFFRHQX1 <../synthesis/synout/otp_controller_postsyn.sdf, line 6098>.
xmelab: *W,SDFNET: Unable to annotate to non-existent timing check (RECREM (posedge RN) (posedge CK) (117) (0)) of instance tb_otp_controller.u_dut.\tmp_aging_reg[1]  of module DFFRHQX1 <../synthesis/synout/otp_controller_postsyn.sdf, line 6119>.
xmelab: *W,SDFNET: Unable to annotate to non-existent timing check (RECREM (posedge RN) (posedge CK) (117) (0)) of instance tb_otp_controller.u_dut.\tmp_aging_reg[2]  of module DFFRHQX1 <../synthesis/synout/otp_controller_postsyn.sdf, line 6140>.
xmelab: *W,SDFNET: Unable to annotate to non-existent timing check (RECREM (posedge RN) (posedge CK) (117) (0)) of instance tb_otp_controller.u_dut.\tmp_aging_reg[3]  of module DFFRHQX1 <../synthesis/synout/otp_controller_postsyn.sdf, line 6161>.
xmelab: *W,SDFNET: Unable to annotate to non-existent timing check (RECREM (posedge RN) (posedge CK) (117) (0)) of instance tb_otp_controller.u_dut.\tmp_aging_reg[4]  of module DFFRHQX1 <../synthesis/synout/otp_controller_postsyn.sdf, line 6182>.
xmelab: *W,SDFNET: Unable to annotate to non-existent timing check (RECREM (posedge RN) (posedge CK) (117) (0)) of instance tb_otp_controller.u_dut.\tmp_aging_reg[5]  of module DFFRHQX1 <../synthesis/synout/otp_controller_postsyn.sdf, line 6203>.
xmelab: *W,SDFNET: Unable to annotate to non-existent timing check (RECREM (posedge RN) (posedge CK) (117) (0)) of instance tb_otp_controller.u_dut.\tmp_aging_reg[6]  of module DFFRHQX1 <../synthesis/synout/otp_controller_postsyn.sdf, line 6224>.
xmelab: *W,SDFNET: Unable to annotate to non-existent timing check (RECREM (posedge RN) (posedge CK) (117) (0)) of instance tb_otp_controller.u_dut.\tmp_aging_reg[7]  of module DFFRHQX1 <../synthesis/synout/otp_controller_postsyn.sdf, line 6245>.
xmelab: *W,SDFNET: Unable to annotate to non-existent timing check (RECREM (posedge RN) (posedge CK) (117) (0)) of instance tb_otp_controller.u_dut.\tmp_aging_reg[8]  of module DFFRHQX1 <../synthesis/synout/otp_controller_postsyn.sdf, line 6266>.
xmelab: *W,SDFNET: Unable to annotate to non-existent timing check (RECREM (posedge RN) (posedge CK) (117) (0)) of instance tb_otp_controller.u_dut.\tmp_aging_reg[9]  of module DFFRHQX1 <../synthesis/synout/otp_controller_postsyn.sdf, line 6287>.
xmelab: *W,SDFNET: Unable to annotate to non-existent timing check (RECREM (posedge RN) (posedge CK) (117) (0)) of instance tb_otp_controller.u_dut.\tmp_aging_reg[10]  of module DFFRHQX1 <../synthesis/synout/otp_controller_postsyn.sdf, line 6308>.
xmelab: *W,SDFNET: Unable to annotate to non-existent timing check (RECREM (posedge RN) (posedge CK) (117) (0)) of instance tb_otp_controller.u_dut.\tmp_aging_reg[11]  of module DFFRHQX1 <../synthesis/synout/otp_controller_postsyn.sdf, line 6329>.
xmelab: *W,SDFNET: Unable to annotate to non-existent timing check (RECREM (posedge RN) (posedge CK) (117) (0)) of instance tb_otp_controller.u_dut.\tmp_aging_reg[12]  of module DFFRHQX1 <../synthesis/synout/otp_controller_postsyn.sdf, line 6350>.
xmelab: *W,SDFNET: Unable to annotate to non-existent timing check (RECREM (posedge RN) (posedge CK) (117) (0)) of instance tb_otp_controller.u_dut.\tmp_aging_reg[13]  of module DFFRHQX1 <../synthesis/synout/otp_controller_postsyn.sdf, line 6371>.
xmelab: *W,SDFNET: Unable to annotate to non-existent timing check (RECREM (posedge RN) (posedge CK) (117) (0)) of instance tb_otp_controller.u_dut.\tmp_aging_reg[14]  of module DFFRHQX1 <../synthesis/synout/otp_controller_postsyn.sdf, line 6392>.
xmelab: *W,SDFNET: Unable to annotate to non-existent timing check (RECREM (posedge RN) (posedge CK) (117) (0)) of instance tb_otp_controller.u_dut.\tmp_aging_reg[15]  of module DFFRHQX1 <../synthesis/synout/otp_controller_postsyn.sdf, line 6413>.
xmelab: *W,SDFNET: Unable to annotate to non-existent timing check (RECREM (posedge RN) (posedge CK) (117) (0)) of instance tb_otp_controller.u_dut.\tmp_cfg_reg[0]  of module DFFRHQX1 <../synthesis/synout/otp_controller_postsyn.sdf, line 6434>.
xmelab: *W,SDFNET: Unable to annotate to non-existent timing check (RECREM (posedge RN) (posedge CK) (117) (0)) of instance tb_otp_controller.u_dut.\tmp_cfg_reg[1]  of module DFFRHQX1 <../synthesis/synout/otp_controller_postsyn.sdf, line 6455>.
xmelab: *W,SDFNET: Unable to annotate to non-existent timing check (RECREM (posedge RN) (posedge CK) (117) (0)) of instance tb_otp_controller.u_dut.\tmp_cfg_reg[2]  of module DFFRHQX1 <../synthesis/synout/otp_controller_postsyn.sdf, line 6476>.
xmelab: *W,SDFNET: Unable to annotate to non-existent timing check (RECREM (posedge RN) (posedge CK) (117) (0)) of instance tb_otp_controller.u_dut.\tmp_cfg_reg[3]  of module DFFRHQX1 <../synthesis/synout/otp_controller_postsyn.sdf, line 6497>.
xmelab: *W,SDFNET: Unable to annotate to non-existent timing check (RECREM (posedge RN) (posedge CK) (117) (0)) of instance tb_otp_controller.u_dut.\tmp_cfg_reg[4]  of module DFFRHQX1 <../synthesis/synout/otp_controller_postsyn.sdf, line 6518>.
xmelab: *W,SDFNET: Unable to annotate to non-existent timing check (RECREM (posedge RN) (posedge CK) (117) (0)) of instance tb_otp_controller.u_dut.\tmp_cfg_reg[5]  of module DFFRHQX1 <../synthesis/synout/otp_controller_postsyn.sdf, line 6539>.
xmelab: *W,SDFNET: Unable to annotate to non-existent timing check (RECREM (posedge RN) (posedge CK) (117) (0)) of instance tb_otp_controller.u_dut.\tmp_crc_stored_reg[0]  of module DFFRHQX1 <../synthesis/synout/otp_controller_postsyn.sdf, line 6560>.
xmelab: *W,SDFNET: Unable to annotate to non-existent timing check (RECREM (posedge RN) (posedge CK) (117) (0)) of instance tb_otp_controller.u_dut.\tmp_crc_stored_reg[1]  of module DFFRHQX1 <../synthesis/synout/otp_controller_postsyn.sdf, line 6581>.
xmelab: *W,SDFNET: Unable to annotate to non-existent timing check (RECREM (posedge RN) (posedge CK) (117) (0)) of instance tb_otp_controller.u_dut.\tmp_crc_stored_reg[2]  of module DFFRHQX1 <../synthesis/synout/otp_controller_postsyn.sdf, line 6602>.
xmelab: *W,SDFNET: Unable to annotate to non-existent timing check (RECREM (posedge RN) (posedge CK) (117) (0)) of instance tb_otp_controller.u_dut.\tmp_crc_stored_reg[3]  of module DFFRHQX1 <../synthesis/synout/otp_controller_postsyn.sdf, line 6623>.
xmelab: *W,SDFNET: Unable to annotate to non-existent timing check (RECREM (posedge RN) (posedge CK) (117) (0)) of instance tb_otp_controller.u_dut.\tmp_crc_stored_reg[4]  of module DFFRHQX1 <../synthesis/synout/otp_controller_postsyn.sdf, line 6644>.
xmelab: *W,SDFNET: Unable to annotate to non-existent timing check (RECREM (posedge RN) (posedge CK) (117) (0)) of instance tb_otp_controller.u_dut.\tmp_crc_stored_reg[5]  of module DFFRHQX1 <../synthesis/synout/otp_controller_postsyn.sdf, line 6665>.
xmelab: *W,SDFNET: Unable to annotate to non-existent timing check (RECREM (posedge RN) (posedge CK) (117) (0)) of instance tb_otp_controller.u_dut.\tmp_crc_stored_reg[6]  of module DFFRHQX1 <../synthesis/synout/otp_controller_postsyn.sdf, line 6686>.
xmelab: *W,SDFNET: Unable to annotate to non-existent timing check (RECREM (posedge RN) (posedge CK) (117) (0)) of instance tb_otp_controller.u_dut.\tmp_crc_stored_reg[7]  of module DFFRHQX1 <../synthesis/synout/otp_controller_postsyn.sdf, line 6707>.
xmelab: *W,SDFNET: Unable to annotate to non-existent timing check (RECREM (posedge RN) (posedge CK) (117) (0)) of instance tb_otp_controller.u_dut.\tmp_crc_stored_reg[8]  of module DFFRHQX1 <../synthesis/synout/otp_controller_postsyn.sdf, line 6728>.
xmelab: *W,SDFNET: Unable to annotate to non-existent timing check (RECREM (posedge RN) (posedge CK) (117) (0)) of instance tb_otp_controller.u_dut.\tmp_crc_stored_reg[9]  of module DFFRHQX1 <../synthesis/synout/otp_controller_postsyn.sdf, line 6749>.
xmelab: *W,SDFNET: Unable to annotate to non-existent timing check (RECREM (posedge RN) (posedge CK) (117) (0)) of instance tb_otp_controller.u_dut.\tmp_crc_stored_reg[10]  of module DFFRHQX1 <../synthesis/synout/otp_controller_postsyn.sdf, line 6770>.
xmelab: *W,SDFNET: Unable to annotate to non-existent timing check (RECREM (posedge RN) (posedge CK) (117) (0)) of instance tb_otp_controller.u_dut.\tmp_crc_stored_reg[11]  of module DFFRHQX1 <../synthesis/synout/otp_controller_postsyn.sdf, line 6791>.
xmelab: *W,SDFNET: Unable to annotate to non-existent timing check (RECREM (posedge RN) (posedge CK) (117) (0)) of instance tb_otp_controller.u_dut.\tmp_crc_stored_reg[12]  of module DFFRHQX1 <../synthesis/synout/otp_controller_postsyn.sdf, line 6812>.
xmelab: *W,SDFNET: Unable to annotate to non-existent timing check (RECREM (posedge RN) (posedge CK) (117) (0)) of instance tb_otp_controller.u_dut.\tmp_crc_stored_reg[13]  of module DFFRHQX1 <../synthesis/synout/otp_controller_postsyn.sdf, line 6833>.
xmelab: *W,SDFNET: Unable to annotate to non-existent timing check (RECREM (posedge RN) (posedge CK) (117) (0)) of instance tb_otp_controller.u_dut.\tmp_crc_stored_reg[14]  of module DFFRHQX1 <../synthesis/synout/otp_controller_postsyn.sdf, line 6854>.
xmelab: *W,SDFNET: Unable to annotate to non-existent timing check (RECREM (posedge RN) (posedge CK) (117) (0)) of instance tb_otp_controller.u_dut.\tmp_crc_stored_reg[15]  of module DFFRHQX1 <../synthesis/synout/otp_controller_postsyn.sdf, line 6875>.
xmelab: *W,SDFNET: Unable to annotate to non-existent timing check (RECREM (posedge RN) (posedge CK) (117) (0)) of instance tb_otp_controller.u_dut.\tmp_ratio_p0_reg[0]  of module DFFRHQX1 <../synthesis/synout/otp_controller_postsyn.sdf, line 6896>.
xmelab: *W,SDFNET: Unable to annotate to non-existent timing check (RECREM (posedge RN) (posedge CK) (117) (0)) of instance tb_otp_controller.u_dut.\tmp_ratio_p0_reg[1]  of module DFFRHQX1 <../synthesis/synout/otp_controller_postsyn.sdf, line 6917>.
xmelab: *W,SDFNET: Unable to annotate to non-existent timing check (RECREM (posedge RN) (posedge CK) (117) (0)) of instance tb_otp_controller.u_dut.\tmp_ratio_p0_reg[2]  of module DFFRHQX1 <../synthesis/synout/otp_controller_postsyn.sdf, line 6938>.
xmelab: *W,SDFNET: Unable to annotate to non-existent timing check (RECREM (posedge RN) (posedge CK) (117) (0)) of instance tb_otp_controller.u_dut.\tmp_ratio_p0_reg[3]  of module DFFRHQX1 <../synthesis/synout/otp_controller_postsyn.sdf, line 6959>.
xmelab: *W,SDFNET: Unable to annotate to non-existent timing check (RECREM (posedge RN) (posedge CK) (117) (0)) of instance tb_otp_controller.u_dut.\tmp_ratio_p0_reg[4]  of module DFFRHQX1 <../synthesis/synout/otp_controller_postsyn.sdf, line 6980>.
xmelab: *W,SDFNET: Unable to annotate to non-existent timing check (RECREM (posedge RN) (posedge CK) (117) (0)) of instance tb_otp_controller.u_dut.\tmp_ratio_p0_reg[5]  of module DFFRHQX1 <../synthesis/synout/otp_controller_postsyn.sdf, line 7001>.
xmelab: *W,SDFNET: Unable to annotate to non-existent timing check (RECREM (posedge RN) (posedge CK) (117) (0)) of instance tb_otp_controller.u_dut.\tmp_ratio_p0_reg[6]  of module DFFRHQX1 <../synthesis/synout/otp_controller_postsyn.sdf, line 7022>.
xmelab: *W,SDFNET: Unable to annotate to non-existent timing check (RECREM (posedge RN) (posedge CK) (117) (0)) of instance tb_otp_controller.u_dut.\tmp_ratio_p0_reg[7]  of module DFFRHQX1 <../synthesis/synout/otp_controller_postsyn.sdf, line 7043>.
xmelab: *W,SDFNET: Unable to annotate to non-existent timing check (RECREM (posedge RN) (posedge CK) (117) (0)) of instance tb_otp_controller.u_dut.\tmp_ratio_p0_reg[8]  of module DFFRHQX1 <../synthesis/synout/otp_controller_postsyn.sdf, line 7064>.
xmelab: *W,SDFNET: Unable to annotate to non-existent timing check (RECREM (posedge RN) (posedge CK) (117) (0)) of instance tb_otp_controller.u_dut.\tmp_ratio_p0_reg[9]  of module DFFRHQX1 <../synthesis/synout/otp_controller_postsyn.sdf, line 7085>.
xmelab: *W,SDFNET: Unable to annotate to non-existent timing check (RECREM (posedge RN) (posedge CK) (117) (0)) of instance tb_otp_controller.u_dut.\tmp_ratio_p0_reg[10]  of module DFFRHQX1 <../synthesis/synout/otp_controller_postsyn.sdf, line 7106>.
xmelab: *W,SDFNET: Unable to annotate to non-existent timing check (RECREM (posedge RN) (posedge CK) (114) (0)) of instance tb_otp_controller.u_dut.\tmp_ratio_p0_reg[11]  of module SDFFRHQX1 <../synthesis/synout/otp_controller_postsyn.sdf, line 7129>.
xmelab: *W,SDFNET: Unable to annotate to non-existent timing check (RECREM (posedge RN) (posedge CK) (117) (0)) of instance tb_otp_controller.u_dut.\tmp_ratio_p0_reg[12]  of module DFFRHQX1 <../synthesis/synout/otp_controller_postsyn.sdf, line 7154>.
xmelab: *W,SDFNET: Unable to annotate to non-existent timing check (RECREM (posedge RN) (posedge CK) (117) (0)) of instance tb_otp_controller.u_dut.\tmp_ratio_p0_reg[13]  of module DFFRHQX1 <../synthesis/synout/otp_controller_postsyn.sdf, line 7175>.
xmelab: *W,SDFNET: Unable to annotate to non-existent timing check (RECREM (posedge RN) (posedge CK) (117) (0)) of instance tb_otp_controller.u_dut.\tmp_ratio_p0_reg[14]  of module DFFRHQX1 <../synthesis/synout/otp_controller_postsyn.sdf, line 7196>.
xmelab: *W,SDFNET: Unable to annotate to non-existent timing check (RECREM (posedge RN) (posedge CK) (114) (0)) of instance tb_otp_controller.u_dut.\tmp_ratio_p0_reg[15]  of module SDFFRHQX1 <../synthesis/synout/otp_controller_postsyn.sdf, line 7219>.
xmelab: *W,SDFNET: Unable to annotate to non-existent timing check (RECREM (posedge RN) (posedge CK) (117) (0)) of instance tb_otp_controller.u_dut.\tmp_ratio_p0_reg[16]  of module DFFRHQX1 <../synthesis/synout/otp_controller_postsyn.sdf, line 7244>.
xmelab: *W,SDFNET: Unable to annotate to non-existent timing check (RECREM (posedge RN) (posedge CK) (117) (0)) of instance tb_otp_controller.u_dut.\tmp_ratio_p0_reg[17]  of module DFFRHQX1 <../synthesis/synout/otp_controller_postsyn.sdf, line 7265>.
xmelab: *W,SDFNET: Unable to annotate to non-existent timing check (RECREM (posedge RN) (posedge CK) (117) (0)) of instance tb_otp_controller.u_dut.\tmp_ratio_p0_reg[18]  of module DFFRHQX1 <../synthesis/synout/otp_controller_postsyn.sdf, line 7286>.
xmelab: *W,SDFNET: Unable to annotate to non-existent timing check (RECREM (posedge RN) (posedge CK) (117) (0)) of instance tb_otp_controller.u_dut.\tmp_ratio_p0_reg[19]  of module DFFRHQX1 <../synthesis/synout/otp_controller_postsyn.sdf, line 7307>.
xmelab: *W,SDFNET: Unable to annotate to non-existent timing check (RECREM (posedge RN) (posedge CK) (117) (0)) of instance tb_otp_controller.u_dut.\tmp_ratio_p1_reg[0]  of module DFFRHQX1 <../synthesis/synout/otp_controller_postsyn.sdf, line 7328>.
xmelab: *W,SDFNET: Unable to annotate to non-existent timing check (RECREM (posedge RN) (posedge CK) (117) (0)) of instance tb_otp_controller.u_dut.\tmp_ratio_p1_reg[1]  of module DFFRHQX1 <../synthesis/synout/otp_controller_postsyn.sdf, line 7349>.
xmelab: *W,SDFNET: Unable to annotate to non-existent timing check (RECREM (posedge RN) (posedge CK) (117) (0)) of instance tb_otp_controller.u_dut.\tmp_ratio_p1_reg[2]  of module DFFRHQX1 <../synthesis/synout/otp_controller_postsyn.sdf, line 7370>.
xmelab: *W,SDFNET: Unable to annotate to non-existent timing check (RECREM (posedge RN) (posedge CK) (117) (0)) of instance tb_otp_controller.u_dut.\tmp_ratio_p1_reg[3]  of module DFFRHQX1 <../synthesis/synout/otp_controller_postsyn.sdf, line 7391>.
xmelab: *W,SDFNET: Unable to annotate to non-existent timing check (RECREM (posedge RN) (posedge CK) (117) (0)) of instance tb_otp_controller.u_dut.\tmp_ratio_p1_reg[4]  of module DFFRHQX1 <../synthesis/synout/otp_controller_postsyn.sdf, line 7412>.
xmelab: *W,SDFNET: Unable to annotate to non-existent timing check (RECREM (posedge RN) (posedge CK) (117) (0)) of instance tb_otp_controller.u_dut.\tmp_ratio_p1_reg[5]  of module DFFRHQX1 <../synthesis/synout/otp_controller_postsyn.sdf, line 7433>.
xmelab: *W,SDFNET: Unable to annotate to non-existent timing check (RECREM (posedge RN) (posedge CK) (117) (0)) of instance tb_otp_controller.u_dut.\tmp_ratio_p1_reg[6]  of module DFFRHQX1 <../synthesis/synout/otp_controller_postsyn.sdf, line 7454>.
xmelab: *W,SDFNET: Unable to annotate to non-existent timing check (RECREM (posedge RN) (posedge CK) (117) (0)) of instance tb_otp_controller.u_dut.\tmp_ratio_p1_reg[7]  of module DFFRHQX1 <../synthesis/synout/otp_controller_postsyn.sdf, line 7475>.
xmelab: *W,SDFNET: Unable to annotate to non-existent timing check (RECREM (posedge RN) (posedge CK) (117) (0)) of instance tb_otp_controller.u_dut.\tmp_ratio_p1_reg[8]  of module DFFRHQX1 <../synthesis/synout/otp_controller_postsyn.sdf, line 7496>.
xmelab: *W,SDFNET: Unable to annotate to non-existent timing check (RECREM (posedge RN) (posedge CK) (117) (0)) of instance tb_otp_controller.u_dut.\tmp_ratio_p1_reg[9]  of module DFFRHQX1 <../synthesis/synout/otp_controller_postsyn.sdf, line 7517>.
xmelab: *W,SDFNET: Unable to annotate to non-existent timing check (RECREM (posedge RN) (posedge CK) (117) (0)) of instance tb_otp_controller.u_dut.\tmp_ratio_p1_reg[10]  of module DFFRHQX1 <../synthesis/synout/otp_controller_postsyn.sdf, line 7538>.
xmelab: *W,SDFNET: Unable to annotate to non-existent timing check (RECREM (posedge RN) (posedge CK) (117) (0)) of instance tb_otp_controller.u_dut.\tmp_ratio_p1_reg[11]  of module DFFRHQX1 <../synthesis/synout/otp_controller_postsyn.sdf, line 7559>.
xmelab: *W,SDFNET: Unable to annotate to non-existent timing check (RECREM (posedge RN) (posedge CK) (117) (0)) of instance tb_otp_controller.u_dut.\tmp_ratio_p1_reg[12]  of module DFFRHQX1 <../synthesis/synout/otp_controller_postsyn.sdf, line 7580>.
xmelab: *W,SDFNET: Unable to annotate to non-existent timing check (RECREM (posedge RN) (posedge CK) (117) (0)) of instance tb_otp_controller.u_dut.\tmp_ratio_p1_reg[13]  of module DFFRHQX1 <../synthesis/synout/otp_controller_postsyn.sdf, line 7601>.
xmelab: *W,SDFNET: Unable to annotate to non-existent timing check (RECREM (posedge RN) (posedge CK) (117) (0)) of instance tb_otp_controller.u_dut.\tmp_ratio_p1_reg[14]  of module DFFRHQX1 <../synthesis/synout/otp_controller_postsyn.sdf, line 7622>.
xmelab: *W,SDFNET: Unable to annotate to non-existent timing check (RECREM (posedge RN) (posedge CK) (117) (0)) of instance tb_otp_controller.u_dut.\tmp_ratio_p1_reg[15]  of module DFFRHQX1 <../synthesis/synout/otp_controller_postsyn.sdf, line 7643>.
xmelab: *W,SDFNET: Unable to annotate to non-existent timing check (RECREM (posedge RN) (posedge CK) (117) (0)) of instance tb_otp_controller.u_dut.\tmp_ratio_p1_reg[16]  of module DFFRHQX1 <../synthesis/synout/otp_controller_postsyn.sdf, line 7664>.
xmelab: *W,SDFNET: Unable to annotate to non-existent timing check (RECREM (posedge RN) (posedge CK) (117) (0)) of instance tb_otp_controller.u_dut.\tmp_ratio_p1_reg[17]  of module DFFRHQX1 <../synthesis/synout/otp_controller_postsyn.sdf, line 7685>.
xmelab: *W,SDFNET: Unable to annotate to non-existent timing check (RECREM (posedge RN) (posedge CK) (117) (0)) of instance tb_otp_controller.u_dut.\tmp_ratio_p1_reg[18]  of module DFFRHQX1 <../synthesis/synout/otp_controller_postsyn.sdf, line 7706>.
xmelab: *W,SDFNET: Unable to annotate to non-existent timing check (RECREM (posedge RN) (posedge CK) (117) (0)) of instance tb_otp_controller.u_dut.\tmp_ratio_p1_reg[19]  of module DFFRHQX1 <../synthesis/synout/otp_controller_postsyn.sdf, line 7727>.
xmelab: *W,SDFNET: Unable to annotate to non-existent timing check (RECREM (posedge RN) (posedge CK) (117) (0)) of instance tb_otp_controller.u_dut.\tmp_ratio_p2_reg[0]  of module DFFRHQX1 <../synthesis/synout/otp_controller_postsyn.sdf, line 7748>.
xmelab: *W,SDFNET: Unable to annotate to non-existent timing check (RECREM (posedge RN) (posedge CK) (117) (0)) of instance tb_otp_controller.u_dut.\tmp_ratio_p2_reg[1]  of module DFFRHQX1 <../synthesis/synout/otp_controller_postsyn.sdf, line 7769>.
xmelab: *W,SDFNET: Unable to annotate to non-existent timing check (RECREM (posedge RN) (posedge CK) (117) (0)) of instance tb_otp_controller.u_dut.\tmp_ratio_p2_reg[2]  of module DFFRHQX1 <../synthesis/synout/otp_controller_postsyn.sdf, line 7790>.
xmelab: *W,SDFNET: Unable to annotate to non-existent timing check (RECREM (posedge RN) (posedge CK) (114) (0)) of instance tb_otp_controller.u_dut.\tmp_ratio_p2_reg[3]  of module SDFFRHQX1 <../synthesis/synout/otp_controller_postsyn.sdf, line 7813>.
xmelab: *W,SDFNET: Unable to annotate to non-existent timing check (RECREM (posedge RN) (posedge CK) (114) (0)) of instance tb_otp_controller.u_dut.\tmp_ratio_p2_reg[4]  of module SDFFRHQX1 <../synthesis/synout/otp_controller_postsyn.sdf, line 7840>.
xmelab: *W,SDFNET: Unable to annotate to non-existent timing check (RECREM (posedge RN) (posedge CK) (117) (0)) of instance tb_otp_controller.u_dut.\tmp_ratio_p2_reg[5]  of module DFFRHQX1 <../synthesis/synout/otp_controller_postsyn.sdf, line 7865>.
xmelab: *W,SDFNET: Unable to annotate to non-existent timing check (RECREM (posedge RN) (posedge CK) (117) (0)) of instance tb_otp_controller.u_dut.\tmp_ratio_p2_reg[6]  of module DFFRHQX1 <../synthesis/synout/otp_controller_postsyn.sdf, line 7886>.
xmelab: *W,SDFNET: Unable to annotate to non-existent timing check (RECREM (posedge RN) (posedge CK) (117) (0)) of instance tb_otp_controller.u_dut.\tmp_ratio_p2_reg[7]  of module DFFRHQX1 <../synthesis/synout/otp_controller_postsyn.sdf, line 7907>.
xmelab: *W,SDFNET: Unable to annotate to non-existent timing check (RECREM (posedge RN) (posedge CK) (117) (0)) of instance tb_otp_controller.u_dut.\tmp_ratio_p2_reg[8]  of module DFFRHQX1 <../synthesis/synout/otp_controller_postsyn.sdf, line 7928>.
xmelab: *W,SDFNET: Unable to annotate to non-existent timing check (RECREM (posedge RN) (posedge CK) (117) (0)) of instance tb_otp_controller.u_dut.\tmp_ratio_p2_reg[9]  of module DFFRHQX1 <../synthesis/synout/otp_controller_postsyn.sdf, line 7949>.
xmelab: *W,SDFNET: Unable to annotate to non-existent timing check (RECREM (posedge RN) (posedge CK) (117) (0)) of instance tb_otp_controller.u_dut.\tmp_ratio_p2_reg[10]  of module DFFRHQX1 <../synthesis/synout/otp_controller_postsyn.sdf, line 7970>.
xmelab: *W,SDFNET: Unable to annotate to non-existent timing check (RECREM (posedge RN) (posedge CK) (117) (0)) of instance tb_otp_controller.u_dut.\tmp_ratio_p2_reg[11]  of module DFFRHQX1 <../synthesis/synout/otp_controller_postsyn.sdf, line 7991>.
xmelab: *W,SDFNET: Unable to annotate to non-existent timing check (RECREM (posedge RN) (posedge CK) (117) (0)) of instance tb_otp_controller.u_dut.\tmp_ratio_p2_reg[12]  of module DFFRHQX1 <../synthesis/synout/otp_controller_postsyn.sdf, line 8012>.
xmelab: *W,SDFNET: Unable to annotate to non-existent timing check (RECREM (posedge RN) (posedge CK) (117) (0)) of instance tb_otp_controller.u_dut.\tmp_ratio_p2_reg[13]  of module DFFRHQX1 <../synthesis/synout/otp_controller_postsyn.sdf, line 8033>.
xmelab: *W,SDFNET: Unable to annotate to non-existent timing check (RECREM (posedge RN) (posedge CK) (117) (0)) of instance tb_otp_controller.u_dut.\tmp_ratio_p2_reg[14]  of module DFFRHQX1 <../synthesis/synout/otp_controller_postsyn.sdf, line 8054>.
xmelab: *W,SDFNET: Unable to annotate to non-existent timing check (RECREM (posedge RN) (posedge CK) (117) (0)) of instance tb_otp_controller.u_dut.\tmp_ratio_p2_reg[15]  of module DFFRHQX1 <../synthesis/synout/otp_controller_postsyn.sdf, line 8075>.
xmelab: *W,SDFNET: Unable to annotate to non-existent timing check (RECREM (posedge RN) (posedge CK) (117) (0)) of instance tb_otp_controller.u_dut.\tmp_ratio_p2_reg[16]  of module DFFRHQX1 <../synthesis/synout/otp_controller_postsyn.sdf, line 8096>.
xmelab: *W,SDFNET: Unable to annotate to non-existent timing check (RECREM (posedge RN) (posedge CK) (117) (0)) of instance tb_otp_controller.u_dut.\tmp_ratio_p2_reg[17]  of module DFFRHQX1 <../synthesis/synout/otp_controller_postsyn.sdf, line 8117>.
xmelab: *W,SDFNET: Unable to annotate to non-existent timing check (RECREM (posedge RN) (posedge CK) (117) (0)) of instance tb_otp_controller.u_dut.\tmp_ratio_p2_reg[18]  of module DFFRHQX1 <../synthesis/synout/otp_controller_postsyn.sdf, line 8138>.
xmelab: *W,SDFNET: Unable to annotate to non-existent timing check (RECREM (posedge RN) (posedge CK) (117) (0)) of instance tb_otp_controller.u_dut.\tmp_ratio_p2_reg[19]  of module DFFRHQX1 <../synthesis/synout/otp_controller_postsyn.sdf, line 8159>.
xmelab: *W,SDFNET: Unable to annotate to non-existent timing check (RECREM (posedge RN) (posedge CK) (117) (0)) of instance tb_otp_controller.u_dut.\tmp_ratio_p3_reg[0]  of module DFFRHQX1 <../synthesis/synout/otp_controller_postsyn.sdf, line 8180>.
xmelab: *W,SDFNET: Unable to annotate to non-existent timing check (RECREM (posedge RN) (posedge CK) (117) (0)) of instance tb_otp_controller.u_dut.\tmp_ratio_p3_reg[1]  of module DFFRHQX1 <../synthesis/synout/otp_controller_postsyn.sdf, line 8201>.
xmelab: *W,SDFNET: Unable to annotate to non-existent timing check (RECREM (posedge RN) (posedge CK) (117) (0)) of instance tb_otp_controller.u_dut.\tmp_ratio_p3_reg[2]  of module DFFRHQX1 <../synthesis/synout/otp_controller_postsyn.sdf, line 8222>.
xmelab: *W,SDFNET: Unable to annotate to non-existent timing check (RECREM (posedge RN) (posedge CK) (117) (0)) of instance tb_otp_controller.u_dut.\tmp_ratio_p3_reg[3]  of module DFFRHQX1 <../synthesis/synout/otp_controller_postsyn.sdf, line 8243>.
xmelab: *W,SDFNET: Unable to annotate to non-existent timing check (RECREM (posedge RN) (posedge CK) (117) (0)) of instance tb_otp_controller.u_dut.\tmp_ratio_p3_reg[4]  of module DFFRHQX1 <../synthesis/synout/otp_controller_postsyn.sdf, line 8264>.
xmelab: *W,SDFNET: Unable to annotate to non-existent timing check (RECREM (posedge RN) (posedge CK) (117) (0)) of instance tb_otp_controller.u_dut.\tmp_ratio_p3_reg[5]  of module DFFRHQX1 <../synthesis/synout/otp_controller_postsyn.sdf, line 8285>.
xmelab: *W,SDFNET: Unable to annotate to non-existent timing check (RECREM (posedge RN) (posedge CK) (117) (0)) of instance tb_otp_controller.u_dut.\tmp_ratio_p3_reg[6]  of module DFFRHQX1 <../synthesis/synout/otp_controller_postsyn.sdf, line 8306>.
xmelab: *W,SDFNET: Unable to annotate to non-existent timing check (RECREM (posedge RN) (posedge CK) (117) (0)) of instance tb_otp_controller.u_dut.\tmp_ratio_p3_reg[7]  of module DFFRHQX1 <../synthesis/synout/otp_controller_postsyn.sdf, line 8327>.
xmelab: *W,SDFNET: Unable to annotate to non-existent timing check (RECREM (posedge RN) (posedge CK) (117) (0)) of instance tb_otp_controller.u_dut.\tmp_ratio_p3_reg[8]  of module DFFRHQX1 <../synthesis/synout/otp_controller_postsyn.sdf, line 8348>.
xmelab: *W,SDFNET: Unable to annotate to non-existent timing check (RECREM (posedge RN) (posedge CK) (117) (0)) of instance tb_otp_controller.u_dut.\tmp_ratio_p3_reg[9]  of module DFFRHQX1 <../synthesis/synout/otp_controller_postsyn.sdf, line 8369>.
xmelab: *W,SDFNET: Unable to annotate to non-existent timing check (RECREM (posedge RN) (posedge CK) (117) (0)) of instance tb_otp_controller.u_dut.\tmp_ratio_p3_reg[10]  of module DFFRHQX1 <../synthesis/synout/otp_controller_postsyn.sdf, line 8390>.
xmelab: *W,SDFNET: Unable to annotate to non-existent timing check (RECREM (posedge RN) (posedge CK) (117) (0)) of instance tb_otp_controller.u_dut.\tmp_ratio_p3_reg[11]  of module DFFRHQX1 <../synthesis/synout/otp_controller_postsyn.sdf, line 8411>.
xmelab: *W,SDFNET: Unable to annotate to non-existent timing check (RECREM (posedge RN) (posedge CK) (117) (0)) of instance tb_otp_controller.u_dut.\tmp_ratio_p3_reg[12]  of module DFFRHQX1 <../synthesis/synout/otp_controller_postsyn.sdf, line 8432>.
xmelab: *W,SDFNET: Unable to annotate to non-existent timing check (RECREM (posedge RN) (posedge CK) (117) (0)) of instance tb_otp_controller.u_dut.\tmp_ratio_p3_reg[13]  of module DFFRHQX1 <../synthesis/synout/otp_controller_postsyn.sdf, line 8453>.
xmelab: *W,SDFNET: Unable to annotate to non-existent timing check (RECREM (posedge RN) (posedge CK) (117) (0)) of instance tb_otp_controller.u_dut.\tmp_ratio_p3_reg[14]  of module DFFRHQX1 <../synthesis/synout/otp_controller_postsyn.sdf, line 8474>.
xmelab: *W,SDFNET: Unable to annotate to non-existent timing check (RECREM (posedge RN) (posedge CK) (117) (0)) of instance tb_otp_controller.u_dut.\tmp_ratio_p3_reg[15]  of module DFFRHQX1 <../synthesis/synout/otp_controller_postsyn.sdf, line 8495>.
xmelab: *W,SDFNET: Unable to annotate to non-existent timing check (RECREM (posedge RN) (posedge CK) (117) (0)) of instance tb_otp_controller.u_dut.\tmp_ratio_p3_reg[16]  of module DFFRHQX1 <../synthesis/synout/otp_controller_postsyn.sdf, line 8516>.
xmelab: *W,SDFNET: Unable to annotate to non-existent timing check (RECREM (posedge RN) (posedge CK) (117) (0)) of instance tb_otp_controller.u_dut.\tmp_ratio_p3_reg[17]  of module DFFRHQX1 <../synthesis/synout/otp_controller_postsyn.sdf, line 8537>.
xmelab: *W,SDFNET: Unable to annotate to non-existent timing check (RECREM (posedge RN) (posedge CK) (117) (0)) of instance tb_otp_controller.u_dut.\tmp_ratio_p3_reg[18]  of module DFFRHQX1 <../synthesis/synout/otp_controller_postsyn.sdf, line 8558>.
xmelab: *W,SDFNET: Unable to annotate to non-existent timing check (RECREM (posedge RN) (posedge CK) (117) (0)) of instance tb_otp_controller.u_dut.\tmp_ratio_p3_reg[19]  of module DFFRHQX1 <../synthesis/synout/otp_controller_postsyn.sdf, line 8579>.
xmelab: *W,SDFNET: Unable to annotate to non-existent timing check (RECREM (posedge RN) (posedge CK) (117) (0)) of instance tb_otp_controller.u_dut.\tmp_ratio_p4_reg[0]  of module DFFRHQX1 <../synthesis/synout/otp_controller_postsyn.sdf, line 8600>.
xmelab: *W,SDFNET: Unable to annotate to non-existent timing check (RECREM (posedge RN) (posedge CK) (117) (0)) of instance tb_otp_controller.u_dut.\tmp_ratio_p4_reg[1]  of module DFFRHQX1 <../synthesis/synout/otp_controller_postsyn.sdf, line 8621>.
xmelab: *W,SDFNET: Unable to annotate to non-existent timing check (RECREM (posedge RN) (posedge CK) (117) (0)) of instance tb_otp_controller.u_dut.\tmp_ratio_p4_reg[2]  of module DFFRHQX1 <../synthesis/synout/otp_controller_postsyn.sdf, line 8642>.
xmelab: *W,SDFNET: Unable to annotate to non-existent timing check (RECREM (posedge RN) (posedge CK) (117) (0)) of instance tb_otp_controller.u_dut.\tmp_ratio_p4_reg[3]  of module DFFRHQX1 <../synthesis/synout/otp_controller_postsyn.sdf, line 8663>.
xmelab: *W,SDFNET: Unable to annotate to non-existent timing check (RECREM (posedge RN) (posedge CK) (117) (0)) of instance tb_otp_controller.u_dut.\tmp_ratio_p4_reg[4]  of module DFFRHQX1 <../synthesis/synout/otp_controller_postsyn.sdf, line 8684>.
xmelab: *W,SDFNET: Unable to annotate to non-existent timing check (RECREM (posedge RN) (posedge CK) (117) (0)) of instance tb_otp_controller.u_dut.\tmp_ratio_p4_reg[5]  of module DFFRHQX1 <../synthesis/synout/otp_controller_postsyn.sdf, line 8705>.
xmelab: *W,SDFNET: Unable to annotate to non-existent timing check (RECREM (posedge RN) (posedge CK) (117) (0)) of instance tb_otp_controller.u_dut.\tmp_ratio_p4_reg[6]  of module DFFRHQX1 <../synthesis/synout/otp_controller_postsyn.sdf, line 8726>.
xmelab: *W,SDFNET: Unable to annotate to non-existent timing check (RECREM (posedge RN) (posedge CK) (117) (0)) of instance tb_otp_controller.u_dut.\tmp_ratio_p4_reg[7]  of module DFFRHQX1 <../synthesis/synout/otp_controller_postsyn.sdf, line 8747>.
xmelab: *W,SDFNET: Unable to annotate to non-existent timing check (RECREM (posedge RN) (posedge CK) (117) (0)) of instance tb_otp_controller.u_dut.\tmp_ratio_p4_reg[8]  of module DFFRHQX1 <../synthesis/synout/otp_controller_postsyn.sdf, line 8768>.
xmelab: *W,SDFNET: Unable to annotate to non-existent timing check (RECREM (posedge RN) (posedge CK) (117) (0)) of instance tb_otp_controller.u_dut.\tmp_ratio_p4_reg[9]  of module DFFRHQX1 <../synthesis/synout/otp_controller_postsyn.sdf, line 8789>.
xmelab: *W,SDFNET: Unable to annotate to non-existent timing check (RECREM (posedge RN) (posedge CK) (117) (0)) of instance tb_otp_controller.u_dut.\tmp_ratio_p4_reg[10]  of module DFFRHQX1 <../synthesis/synout/otp_controller_postsyn.sdf, line 8810>.
xmelab: *W,SDFNET: Unable to annotate to non-existent timing check (RECREM (posedge RN) (posedge CK) (117) (0)) of instance tb_otp_controller.u_dut.\tmp_ratio_p4_reg[11]  of module DFFRHQX1 <../synthesis/synout/otp_controller_postsyn.sdf, line 8831>.
xmelab: *W,SDFNET: Unable to annotate to non-existent timing check (RECREM (posedge RN) (posedge CK) (117) (0)) of instance tb_otp_controller.u_dut.\tmp_ratio_p4_reg[12]  of module DFFRHQX1 <../synthesis/synout/otp_controller_postsyn.sdf, line 8852>.
xmelab: *W,SDFNET: Unable to annotate to non-existent timing check (RECREM (posedge RN) (posedge CK) (117) (0)) of instance tb_otp_controller.u_dut.\tmp_ratio_p4_reg[13]  of module DFFRHQX1 <../synthesis/synout/otp_controller_postsyn.sdf, line 8873>.
xmelab: *W,SDFNET: Unable to annotate to non-existent timing check (RECREM (posedge RN) (posedge CK) (117) (0)) of instance tb_otp_controller.u_dut.\tmp_ratio_p4_reg[14]  of module DFFRHQX1 <../synthesis/synout/otp_controller_postsyn.sdf, line 8894>.
xmelab: *W,SDFNET: Unable to annotate to non-existent timing check (RECREM (posedge RN) (posedge CK) (117) (0)) of instance tb_otp_controller.u_dut.\tmp_ratio_p4_reg[15]  of module DFFRHQX1 <../synthesis/synout/otp_controller_postsyn.sdf, line 8915>.
xmelab: *W,SDFNET: Unable to annotate to non-existent timing check (RECREM (posedge RN) (posedge CK) (117) (0)) of instance tb_otp_controller.u_dut.\tmp_ratio_p4_reg[16]  of module DFFRHQX1 <../synthesis/synout/otp_controller_postsyn.sdf, line 8936>.
xmelab: *W,SDFNET: Unable to annotate to non-existent timing check (RECREM (posedge RN) (posedge CK) (117) (0)) of instance tb_otp_controller.u_dut.\tmp_ratio_p4_reg[17]  of module DFFRHQX1 <../synthesis/synout/otp_controller_postsyn.sdf, line 8957>.
xmelab: *W,SDFNET: Unable to annotate to non-existent timing check (RECREM (posedge RN) (posedge CK) (117) (0)) of instance tb_otp_controller.u_dut.\tmp_ratio_p4_reg[18]  of module DFFRHQX1 <../synthesis/synout/otp_controller_postsyn.sdf, line 8978>.
xmelab: *W,SDFNET: Unable to annotate to non-existent timing check (RECREM (posedge RN) (posedge CK) (117) (0)) of instance tb_otp_controller.u_dut.\tmp_ratio_p4_reg[19]  of module DFFRHQX1 <../synthesis/synout/otp_controller_postsyn.sdf, line 8999>.
xmelab: *W,SDFNET: Unable to annotate to non-existent timing check (RECREM (posedge RN) (posedge CK) (117) (0)) of instance tb_otp_controller.u_dut.\tmp_rev_reg[0]  of module DFFRHQX1 <../synthesis/synout/otp_controller_postsyn.sdf, line 9020>.
xmelab: *W,SDFNET: Unable to annotate to non-existent timing check (RECREM (posedge RN) (posedge CK) (117) (0)) of instance tb_otp_controller.u_dut.\tmp_rev_reg[1]  of module DFFRHQX1 <../synthesis/synout/otp_controller_postsyn.sdf, line 9041>.
xmelab: *W,SDFNET: Unable to annotate to non-existent timing check (RECREM (posedge RN) (posedge CK) (117) (0)) of instance tb_otp_controller.u_dut.\tmp_rev_reg[2]  of module DFFRHQX1 <../synthesis/synout/otp_controller_postsyn.sdf, line 9062>.
xmelab: *W,SDFNET: Unable to annotate to non-existent timing check (RECREM (posedge RN) (posedge CK) (117) (0)) of instance tb_otp_controller.u_dut.\tmp_rev_reg[3]  of module DFFRHQX1 <../synthesis/synout/otp_controller_postsyn.sdf, line 9083>.
xmelab: *W,SDFNET: Unable to annotate to non-existent timing check (RECREM (posedge RN) (posedge CK) (117) (0)) of instance tb_otp_controller.u_dut.\tmp_rev_reg[4]  of module DFFRHQX1 <../synthesis/synout/otp_controller_postsyn.sdf, line 9104>.
xmelab: *W,SDFNET: Unable to annotate to non-existent timing check (RECREM (posedge RN) (posedge CK) (117) (0)) of instance tb_otp_controller.u_dut.\tmp_rev_reg[5]  of module DFFRHQX1 <../synthesis/synout/otp_controller_postsyn.sdf, line 9125>.
xmelab: *W,SDFNET: Unable to annotate to non-existent timing check (RECREM (posedge RN) (posedge CK) (117) (0)) of instance tb_otp_controller.u_dut.\tmp_ro_trim_reg[0]  of module DFFRHQX1 <../synthesis/synout/otp_controller_postsyn.sdf, line 9146>.
xmelab: *W,SDFNET: Unable to annotate to non-existent timing check (RECREM (posedge RN) (posedge CK) (117) (0)) of instance tb_otp_controller.u_dut.\tmp_ro_trim_reg[1]  of module DFFRHQX1 <../synthesis/synout/otp_controller_postsyn.sdf, line 9167>.
xmelab: *W,SDFNET: Unable to annotate to non-existent timing check (RECREM (posedge RN) (posedge CK) (117) (0)) of instance tb_otp_controller.u_dut.\tmp_ro_trim_reg[2]  of module DFFRHQX1 <../synthesis/synout/otp_controller_postsyn.sdf, line 9188>.
xmelab: *W,SDFNET: Unable to annotate to non-existent timing check (RECREM (posedge RN) (posedge CK) (117) (0)) of instance tb_otp_controller.u_dut.\tmp_ro_trim_reg[3]  of module DFFRHQX1 <../synthesis/synout/otp_controller_postsyn.sdf, line 9209>.
xmelab: *W,SDFNET: Unable to annotate to non-existent timing check (RECREM (posedge RN) (posedge CK) (117) (0)) of instance tb_otp_controller.u_dut.\tmp_ro_trim_reg[4]  of module DFFRHQX1 <../synthesis/synout/otp_controller_postsyn.sdf, line 9230>.
xmelab: *W,SDFNET: Unable to annotate to non-existent timing check (RECREM (posedge RN) (posedge CK) (117) (0)) of instance tb_otp_controller.u_dut.\tmp_ro_trim_reg[5]  of module DFFRHQX1 <../synthesis/synout/otp_controller_postsyn.sdf, line 9251>.
xmelab: *W,SDFNET: Unable to annotate to non-existent timing check (RECREM (posedge RN) (posedge CK) (117) (0)) of instance tb_otp_controller.u_dut.\tmp_ro_trim_reg[6]  of module DFFRHQX1 <../synthesis/synout/otp_controller_postsyn.sdf, line 9272>.
xmelab: *W,SDFNET: Unable to annotate to non-existent timing check (RECREM (posedge RN) (posedge CK) (117) (0)) of instance tb_otp_controller.u_dut.\tmp_ro_trim_reg[7]  of module DFFRHQX1 <../synthesis/synout/otp_controller_postsyn.sdf, line 9293>.
xmelab: *W,SDFNET: Unable to annotate to non-existent timing check (RECREM (posedge RN) (posedge CK) (117) (0)) of instance tb_otp_controller.u_dut.\tmp_ro_trim_reg[8]  of module DFFRHQX1 <../synthesis/synout/otp_controller_postsyn.sdf, line 9314>.
xmelab: *W,SDFNET: Unable to annotate to non-existent timing check (RECREM (posedge RN) (posedge CK) (117) (0)) of instance tb_otp_controller.u_dut.\tmp_ro_trim_reg[9]  of module DFFRHQX1 <../synthesis/synout/otp_controller_postsyn.sdf, line 9335>.
xmelab: *W,SDFNET: Unable to annotate to non-existent timing check (RECREM (posedge RN) (posedge CK) (117) (0)) of instance tb_otp_controller.u_dut.\tmp_ro_trim_reg[10]  of module DFFRHQX1 <../synthesis/synout/otp_controller_postsyn.sdf, line 9356>.
xmelab: *W,SDFNET: Unable to annotate to non-existent timing check (RECREM (posedge RN) (posedge CK) (117) (0)) of instance tb_otp_controller.u_dut.\tmp_ro_trim_reg[11]  of module DFFRHQX1 <../synthesis/synout/otp_controller_postsyn.sdf, line 9377>.
xmelab: *W,SDFNET: Unable to annotate to non-existent timing check (RECREM (posedge RN) (posedge CK) (117) (0)) of instance tb_otp_controller.u_dut.\tmp_ro_trim_reg[12]  of module DFFRHQX1 <../synthesis/synout/otp_controller_postsyn.sdf, line 9398>.
xmelab: *W,SDFNET: Unable to annotate to non-existent timing check (RECREM (posedge RN) (posedge CK) (117) (0)) of instance tb_otp_controller.u_dut.\tmp_ro_trim_reg[13]  of module DFFRHQX1 <../synthesis/synout/otp_controller_postsyn.sdf, line 9419>.
xmelab: *W,SDFNET: Unable to annotate to non-existent timing check (RECREM (posedge RN) (posedge CK) (117) (0)) of instance tb_otp_controller.u_dut.\tmp_ro_trim_reg[14]  of module DFFRHQX1 <../synthesis/synout/otp_controller_postsyn.sdf, line 9440>.
xmelab: *W,SDFNET: Unable to annotate to non-existent timing check (RECREM (posedge RN) (posedge CK) (117) (0)) of instance tb_otp_controller.u_dut.\tmp_sku_reg[0]  of module DFFRHQX1 <../synthesis/synout/otp_controller_postsyn.sdf, line 9461>.
xmelab: *W,SDFNET: Unable to annotate to non-existent timing check (RECREM (posedge RN) (posedge CK) (117) (0)) of instance tb_otp_controller.u_dut.\tmp_sku_reg[1]  of module DFFRHQX1 <../synthesis/synout/otp_controller_postsyn.sdf, line 9482>.
xmelab: *W,SDFNET: Unable to annotate to non-existent timing check (RECREM (posedge RN) (posedge CK) (117) (0)) of instance tb_otp_controller.u_dut.\tmp_tc1_reg[0]  of module DFFRHQX1 <../synthesis/synout/otp_controller_postsyn.sdf, line 9503>.
xmelab: *W,SDFNET: Unable to annotate to non-existent timing check (RECREM (posedge RN) (posedge CK) (117) (0)) of instance tb_otp_controller.u_dut.\tmp_tc1_reg[1]  of module DFFRHQX1 <../synthesis/synout/otp_controller_postsyn.sdf, line 9524>.
xmelab: *W,SDFNET: Unable to annotate to non-existent timing check (RECREM (posedge RN) (posedge CK) (117) (0)) of instance tb_otp_controller.u_dut.\tmp_tc1_reg[2]  of module DFFRHQX1 <../synthesis/synout/otp_controller_postsyn.sdf, line 9545>.
xmelab: *W,SDFNET: Unable to annotate to non-existent timing check (RECREM (posedge RN) (posedge CK) (117) (0)) of instance tb_otp_controller.u_dut.\tmp_tc1_reg[3]  of module DFFRHQX1 <../synthesis/synout/otp_controller_postsyn.sdf, line 9566>.
xmelab: *W,SDFNET: Unable to annotate to non-existent timing check (RECREM (posedge RN) (posedge CK) (117) (0)) of instance tb_otp_controller.u_dut.\tmp_tc1_reg[4]  of module DFFRHQX1 <../synthesis/synout/otp_controller_postsyn.sdf, line 9587>.
xmelab: *W,SDFNET: Unable to annotate to non-existent timing check (RECREM (posedge RN) (posedge CK) (117) (0)) of instance tb_otp_controller.u_dut.\tmp_tc1_reg[5]  of module DFFRHQX1 <../synthesis/synout/otp_controller_postsyn.sdf, line 9608>.
xmelab: *W,SDFNET: Unable to annotate to non-existent timing check (RECREM (posedge RN) (posedge CK) (117) (0)) of instance tb_otp_controller.u_dut.\tmp_tc1_reg[6]  of module DFFRHQX1 <../synthesis/synout/otp_controller_postsyn.sdf, line 9629>.
xmelab: *W,SDFNET: Unable to annotate to non-existent timing check (RECREM (posedge RN) (posedge CK) (117) (0)) of instance tb_otp_controller.u_dut.\tmp_tc1_reg[7]  of module DFFRHQX1 <../synthesis/synout/otp_controller_postsyn.sdf, line 9650>.
xmelab: *W,SDFNET: Unable to annotate to non-existent timing check (RECREM (posedge RN) (posedge CK) (117) (0)) of instance tb_otp_controller.u_dut.\tmp_tc1_reg[8]  of module DFFRHQX1 <../synthesis/synout/otp_controller_postsyn.sdf, line 9671>.
xmelab: *W,SDFNET: Unable to annotate to non-existent timing check (RECREM (posedge RN) (posedge CK) (117) (0)) of instance tb_otp_controller.u_dut.\tmp_tc1_reg[9]  of module DFFRHQX1 <../synthesis/synout/otp_controller_postsyn.sdf, line 9692>.
xmelab: *W,SDFNET: Unable to annotate to non-existent timing check (RECREM (posedge RN) (posedge CK) (117) (0)) of instance tb_otp_controller.u_dut.\tmp_tc1_reg[10]  of module DFFRHQX1 <../synthesis/synout/otp_controller_postsyn.sdf, line 9713>.
xmelab: *W,SDFNET: Unable to annotate to non-existent timing check (RECREM (posedge RN) (posedge CK) (117) (0)) of instance tb_otp_controller.u_dut.\tmp_tc1_reg[11]  of module DFFRHQX1 <../synthesis/synout/otp_controller_postsyn.sdf, line 9734>.
xmelab: *W,SDFNET: Unable to annotate to non-existent timing check (RECREM (posedge RN) (posedge CK) (117) (0)) of instance tb_otp_controller.u_dut.\tmp_tc1_reg[12]  of module DFFRHQX1 <../synthesis/synout/otp_controller_postsyn.sdf, line 9755>.
xmelab: *W,SDFNET: Unable to annotate to non-existent timing check (RECREM (posedge RN) (posedge CK) (117) (0)) of instance tb_otp_controller.u_dut.\tmp_tc1_reg[13]  of module DFFRHQX1 <../synthesis/synout/otp_controller_postsyn.sdf, line 9776>.
xmelab: *W,SDFNET: Unable to annotate to non-existent timing check (RECREM (posedge RN) (posedge CK) (117) (0)) of instance tb_otp_controller.u_dut.\tmp_tc1_reg[14]  of module DFFRHQX1 <../synthesis/synout/otp_controller_postsyn.sdf, line 9797>.
xmelab: *W,SDFNET: Unable to annotate to non-existent timing check (RECREM (posedge RN) (posedge CK) (117) (0)) of instance tb_otp_controller.u_dut.\tmp_tc1_reg[15]  of module DFFRHQX1 <../synthesis/synout/otp_controller_postsyn.sdf, line 9818>.
xmelab: *W,SDFNET: Unable to annotate to non-existent timing check (RECREM (posedge RN) (posedge CK) (117) (0)) of instance tb_otp_controller.u_dut.\tmp_tc2_reg[0]  of module DFFRHQX1 <../synthesis/synout/otp_controller_postsyn.sdf, line 9839>.
xmelab: *W,SDFNET: Unable to annotate to non-existent timing check (RECREM (posedge RN) (posedge CK) (117) (0)) of instance tb_otp_controller.u_dut.\tmp_tc2_reg[1]  of module DFFRHQX1 <../synthesis/synout/otp_controller_postsyn.sdf, line 9860>.
xmelab: *W,SDFNET: Unable to annotate to non-existent timing check (RECREM (posedge RN) (posedge CK) (117) (0)) of instance tb_otp_controller.u_dut.\tmp_tc2_reg[2]  of module DFFRHQX1 <../synthesis/synout/otp_controller_postsyn.sdf, line 9881>.
xmelab: *W,SDFNET: Unable to annotate to non-existent timing check (RECREM (posedge RN) (posedge CK) (117) (0)) of instance tb_otp_controller.u_dut.\tmp_tc2_reg[3]  of module DFFRHQX1 <../synthesis/synout/otp_controller_postsyn.sdf, line 9902>.
xmelab: *W,SDFNET: Unable to annotate to non-existent timing check (RECREM (posedge RN) (posedge CK) (117) (0)) of instance tb_otp_controller.u_dut.\tmp_tc2_reg[4]  of module DFFRHQX1 <../synthesis/synout/otp_controller_postsyn.sdf, line 9923>.
xmelab: *W,SDFNET: Unable to annotate to non-existent timing check (RECREM (posedge RN) (posedge CK) (117) (0)) of instance tb_otp_controller.u_dut.\tmp_tc2_reg[5]  of module DFFRHQX1 <../synthesis/synout/otp_controller_postsyn.sdf, line 9944>.
xmelab: *W,SDFNET: Unable to annotate to non-existent timing check (RECREM (posedge RN) (posedge CK) (117) (0)) of instance tb_otp_controller.u_dut.\tmp_tc2_reg[6]  of module DFFRHQX1 <../synthesis/synout/otp_controller_postsyn.sdf, line 9965>.
xmelab: *W,SDFNET: Unable to annotate to non-existent timing check (RECREM (posedge RN) (posedge CK) (117) (0)) of instance tb_otp_controller.u_dut.\tmp_tc2_reg[7]  of module DFFRHQX1 <../synthesis/synout/otp_controller_postsyn.sdf, line 9986>.
xmelab: *W,SDFNET: Unable to annotate to non-existent timing check (RECREM (posedge RN) (posedge CK) (117) (0)) of instance tb_otp_controller.u_dut.\tmp_tc2_reg[8]  of module DFFRHQX1 <../synthesis/synout/otp_controller_postsyn.sdf, line 10007>.
xmelab: *W,SDFNET: Unable to annotate to non-existent timing check (RECREM (posedge RN) (posedge CK) (117) (0)) of instance tb_otp_controller.u_dut.\tmp_tc2_reg[9]  of module DFFRHQX1 <../synthesis/synout/otp_controller_postsyn.sdf, line 10028>.
xmelab: *W,SDFNET: Unable to annotate to non-existent timing check (RECREM (posedge RN) (posedge CK) (117) (0)) of instance tb_otp_controller.u_dut.\tmp_tc2_reg[10]  of module DFFRHQX1 <../synthesis/synout/otp_controller_postsyn.sdf, line 10049>.
xmelab: *W,SDFNET: Unable to annotate to non-existent timing check (RECREM (posedge RN) (posedge CK) (117) (0)) of instance tb_otp_controller.u_dut.\tmp_tc2_reg[11]  of module DFFRHQX1 <../synthesis/synout/otp_controller_postsyn.sdf, line 10070>.
xmelab: *W,SDFNET: Unable to annotate to non-existent timing check (RECREM (posedge RN) (posedge CK) (117) (0)) of instance tb_otp_controller.u_dut.\tmp_tc2_reg[12]  of module DFFRHQX1 <../synthesis/synout/otp_controller_postsyn.sdf, line 10091>.
xmelab: *W,SDFNET: Unable to annotate to non-existent timing check (RECREM (posedge RN) (posedge CK) (117) (0)) of instance tb_otp_controller.u_dut.\tmp_tc2_reg[13]  of module DFFRHQX1 <../synthesis/synout/otp_controller_postsyn.sdf, line 10112>.
xmelab: *W,SDFNET: Unable to annotate to non-existent timing check (RECREM (posedge RN) (posedge CK) (117) (0)) of instance tb_otp_controller.u_dut.\tmp_tc2_reg[14]  of module DFFRHQX1 <../synthesis/synout/otp_controller_postsyn.sdf, line 10133>.
xmelab: *W,SDFNET: Unable to annotate to non-existent timing check (RECREM (posedge RN) (posedge CK) (117) (0)) of instance tb_otp_controller.u_dut.\tmp_tc2_reg[15]  of module DFFRHQX1 <../synthesis/synout/otp_controller_postsyn.sdf, line 10154>.
xmelab: *W,SDFNET: Unable to annotate to non-existent timing check (RECREM (posedge RN) (posedge CK) (117) (0)) of instance tb_otp_controller.u_dut.\tmp_temp_trim_reg[0]  of module DFFRHQX1 <../synthesis/synout/otp_controller_postsyn.sdf, line 10175>.
xmelab: *W,SDFNET: Unable to annotate to non-existent timing check (RECREM (posedge RN) (posedge CK) (117) (0)) of instance tb_otp_controller.u_dut.\tmp_temp_trim_reg[1]  of module DFFRHQX1 <../synthesis/synout/otp_controller_postsyn.sdf, line 10196>.
xmelab: *W,SDFNET: Unable to annotate to non-existent timing check (RECREM (posedge RN) (posedge CK) (117) (0)) of instance tb_otp_controller.u_dut.\tmp_temp_trim_reg[2]  of module DFFRHQX1 <../synthesis/synout/otp_controller_postsyn.sdf, line 10217>.
xmelab: *W,SDFNET: Unable to annotate to non-existent timing check (RECREM (posedge RN) (posedge CK) (117) (0)) of instance tb_otp_controller.u_dut.\tmp_temp_trim_reg[3]  of module DFFRHQX1 <../synthesis/synout/otp_controller_postsyn.sdf, line 10238>.
xmelab: *W,SDFNET: Unable to annotate to non-existent timing check (RECREM (posedge RN) (posedge CK) (117) (0)) of instance tb_otp_controller.u_dut.\tmp_temp_trim_reg[4]  of module DFFRHQX1 <../synthesis/synout/otp_controller_postsyn.sdf, line 10259>.
xmelab: *W,SDFNET: Unable to annotate to non-existent timing check (RECREM (posedge RN) (posedge CK) (117) (0)) of instance tb_otp_controller.u_dut.\tmp_temp_trim_reg[5]  of module DFFRHQX1 <../synthesis/synout/otp_controller_postsyn.sdf, line 10280>.
xmelab: *W,SDFNET: Unable to annotate to non-existent timing check (RECREM (posedge RN) (posedge CK) (117) (0)) of instance tb_otp_controller.u_dut.\patch1_data_reg[5]  of module DFFRHQX1 <../synthesis/synout/otp_controller_postsyn.sdf, line 28781>.
xmelab: *W,SDFNET: Unable to annotate to non-existent timing check (RECREM (posedge RN) (posedge CK) (117) (0)) of instance tb_otp_controller.u_dut.\patch1_data_reg[8]  of module DFFRHQX1 <../synthesis/synout/otp_controller_postsyn.sdf, line 28802>.
xmelab: *W,SDFNET: Unable to annotate to non-existent timing check (RECREM (posedge RN) (posedge CK) (117) (0)) of instance tb_otp_controller.u_dut.\patch1_data_reg[9]  of module DFFRHQX1 <../synthesis/synout/otp_controller_postsyn.sdf, line 28823>.
xmelab: *W,SDFNET: Unable to annotate to non-existent timing check (RECREM (posedge RN) (posedge CK) (63) (0)) of instance tb_otp_controller.u_dut.\patch1_id_reg[2]  of module DFFRX1 <../synthesis/synout/otp_controller_postsyn.sdf, line 28846>.
xmelab: *W,SDFNET: Unable to annotate to non-existent timing check (RECREM (posedge RN) (posedge CK) (63) (0)) of instance tb_otp_controller.u_dut.\addr_d_reg[7]  of module DFFRX1 <../synthesis/synout/otp_controller_postsyn.sdf, line 29053>.
	Annotation completed with 0 Errors and 476 Warnings
	SDF statistics: 
		 No. of Pathdelays = 4979    	 No. of Disabled Pathdelays = 0        Annotated = 100.00% (4979/4979) 
		 No. of Tchecks    = 2984    	 No. of Disabled Tchecks    = 0        Annotated = 84.05% (2508/2984) 
				        Total(T) 	   Disabled(D) 	    Annotated(A)	  Percentage(A/(T-D))
		 Path Delays	          4979	             0	              4979	                100.00
		      $width	          1428	             0	              1428	                100.00
		  $setuphold	          1556	             0	              1080	                 69.41
	Building instance overlay tables: .................... Done
	Generating native compiled code:
		worklib.otp_controller:v <0x54bb7aff>
			streams:   0, words:     0
		worklib.tb_otp_controller:v <0x4e942072>
			streams:  20, words: 44818
		worklib.otp_sim_rom:v <0x27b1e5db>
			streams:   3, words:  1072
	Building instance specific data structures.
	Loading native compiled code:     .................... Done
	Design hierarchy summary:
		                  Instances  Unique
		Modules:               1840      46
		UDPs:                   511       3
		Primitives:            4725       8
		Timing outputs:        1839      20
		Registers:              540      72
		Scalar wires:          3822       -
		Always blocks:            4       4
		Initial blocks:           5       5
		Cont. assignments:        0       3
		Pseudo assignments:       2       2
		Timing checks:         4540    1040
		Interconnect:          5452       -
		Simulation timescale:   1ps
	Writing initial simulation snapshot: worklib.tb_otp_controller:v
xmsim: *W,NOMTDGUI: Multi-Threaded Dumping is disabled for interactive debug mode.

-------------------------------------
Relinquished control to SimVision...
xcelium> 
xcelium> source /home/cad/cadence/XCELIUM220/tools/xcelium/files/xmsimrc
xcelium> run
[POSTSYN] SDF annotation requested at t=0 -- check the log above/below for Xcelium's annotation summary.

=====================================================
 TEST 1: Reset and initial read
=====================================================
  [PASS] busy is low while rst_n is held low
  [PASS] otp_read_en is low while rst_n is held low
  [PASS] no busy glitch observed during reset
  (rst_n released)
  [PASS] busy asserts shortly after reset release
  [PASS] busy stays asserted continuously until done
  [PASS] done pulses after load sequence
  [PASS] done deasserts one cycle after asserting (single-cycle pulse)
  [PASS] busy is low immediately after done
  [PASS] otp_read_en swept every address 0..255 at least once
  [PASS] no further OTP reads occur after done (until next reset)

=====================================================
 TEST 2: Correct field extraction (golden image, no valid patches)
=====================================================
  [PASS] T2: RO_TRIM_CODE matches golden image
  [PASS] T2: TC1_COEFF matches golden image
  [PASS] T2: TC2_COEFF matches golden image
  [PASS] T2: AGING_BASE matches golden image
  [PASS] T2: SKU_CODE matches golden image
  [PASS] T2: TEMP_RO_TRIM matches golden image
  [PASS] T2: REV_ID matches golden image
  [PASS] T2: CFG_FLAGS matches golden image
  [PASS] T2: RATIO_P0 matches golden image
  [PASS] T2: RATIO_P1 matches golden image
  [PASS] T2: RATIO_P2 matches golden image
  [PASS] T2: RATIO_P3 matches golden image
  [PASS] T2: RATIO_P4 matches golden image

=====================================================
 TEST 3: Patch override (Patch0 overrides RO_TRIM_CODE)
=====================================================
  [PASS] watchdog: done asserted before timeout
  [PASS] T3: RO_TRIM_CODE overridden by valid Patch0
  [PASS] T3: TC1_COEFF unaffected by patch (Bank0 value retained)
  [PASS] T3: CFG_FLAGS unaffected by patch (Bank0 value retained)
  [PASS] T3: CRC valid for this image

=====================================================
 TEST 4: Multiple patches on same field (Patch1 precedence)
=====================================================
  [PASS] watchdog: done asserted before timeout
  [PASS] T4: Patch1 overrides Patch0 on the same field
  [PASS] T4: CRC valid for this image

=====================================================
 TEST 5: Invalid patch is ignored
=====================================================
  [PASS] watchdog: done asserted before timeout
  [PASS] T5a: PATCH_VALID=0 is ignored, Bank0 value retained
  [PASS] watchdog: done asserted before timeout
  [PASS] T5b: PATCH_TAG mismatch is ignored, Bank0 value retained

=====================================================
 TEST 6: CRC error detection
=====================================================
  [PASS] watchdog: done asserted before timeout
  [PASS] T6a: crc_error is low when stored CRC matches computed CRC
  [PASS] watchdog: done asserted before timeout
  [PASS] T6b: crc_error is high when stored CRC does not match computed CRC

=====================================================
 SUMMARY: 39 PASSED, 0 FAILED (of 39 checks)
=====================================================
 RESULT: ALL TESTS PASSED
Simulation complete via $finish(1) at time 17238606705 PS + 0
../rtl_sources/tb_otp_controller.v:491         $finish;
xcelium> ^C
xcelium> exit
TOOL:	xrun	22.03-s001: Exiting on Aug 11, 2026 at 14:30:36 +0330  (total: 00:00:30)