Cadence Genus(TM) Synthesis Solution.
Copyright 2021 Cadence Design Systems, Inc. All rights reserved worldwide.
Cadence and the Cadence logo are registered trademarks and Genus is a trademark
of Cadence Design Systems, Inc. in the United States and other countries.

Version: 21.10-p002_1, built Thu Aug 19 22:43:13 PDT 2021
Options: 
Date:    Tue Aug 11 14:24:42 2026
Host:    bahar (x86_64 w/Linux 3.10.0-1160.119.1.el7.x86_64) (2cores*16cpus*8physical cpus*Intel(R) Xeon(R) CPU E5-2680 v4 @ 2.40GHz 35840KB) (65788992KB)
PID:     22351
OS:      CentOS Linux release 7.9.2009 (Core)

Checking out license: Genus_Synthesis


***********************************************************************************************************
***********************************************************************************************************



Loading tool scripts...
Finished loading tool scripts (15 seconds elapsed).

WARNING: This version of the tool is 1817 days old.
@genus:root: 1> source ./script/syn_scr.tcl
Sourcing './script/syn_scr.tcl' (Tue Aug 11 14:25:29 +0330 2026)...
#@ Begin verbose source ./script/syn_scr.tcl
@file(syn_scr.tcl) 11: echo "-------------------------------------------------"
-------------------------------------------------
@file(syn_scr.tcl) 12: echo " Reading library"
 Reading library
@file(syn_scr.tcl) 13: echo "-------------------------------------------------"
-------------------------------------------------
@file(syn_scr.tcl) 14: source ./script/lib_scr.tcl
Sourcing './script/lib_scr.tcl' (Tue Aug 11 14:25:29 +0330 2026)...
#@ Begin verbose source ./script/lib_scr.tcl
@file(lib_scr.tcl) 1: set common_ui true
@file(lib_scr.tcl) 15: set_db init_lib_search_path {/home/cad/TECH.D/TSMC180/lib}
  Setting attribute of root '/': 'init_lib_search_path' = /home/cad/TECH.D/TSMC180/lib
@file(lib_scr.tcl) 18: set library {typical.lib}
@file(lib_scr.tcl) 21: set_db library $library

Threads Configured:3
Warning : Missing clock pin in the sequential cell. [LBR-525]
        : Clock pin absent in sequential cell(s) 'RSLATNX1' (File /home/cad/TECH.D/TSMC180/lib/typical.lib, Line 146023)
        : Sequential timing checks, such as 'setup_rising' or 'hold_rising', on flop and latch cells require a clock pin. Verify that the 'clock' attribute of the clock pin is set to 'true' or that the clock pin has a 'clocked_on' attribute.
Warning : Missing clock pin in the sequential cell. [LBR-525]
        : Clock pin absent in sequential cell(s) 'RSLATNX2' (File /home/cad/TECH.D/TSMC180/lib/typical.lib, Line 146324)
Warning : Missing clock pin in the sequential cell. [LBR-525]
        : Clock pin absent in sequential cell(s) 'RSLATNX4' (File /home/cad/TECH.D/TSMC180/lib/typical.lib, Line 146625)
Warning : Missing clock pin in the sequential cell. [LBR-525]
        : Clock pin absent in sequential cell(s) 'RSLATNXL' (File /home/cad/TECH.D/TSMC180/lib/typical.lib, Line 146926)
Warning : Missing clock pin in the sequential cell. [LBR-525]
        : Clock pin absent in sequential cell(s) 'RSLATX1' (File /home/cad/TECH.D/TSMC180/lib/typical.lib, Line 147227)
Warning : Missing clock pin in the sequential cell. [LBR-525]
        : Clock pin absent in sequential cell(s) 'RSLATX2' (File /home/cad/TECH.D/TSMC180/lib/typical.lib, Line 147589)
Warning : Missing clock pin in the sequential cell. [LBR-525]
        : Clock pin absent in sequential cell(s) 'RSLATX4' (File /home/cad/TECH.D/TSMC180/lib/typical.lib, Line 147951)
Warning : Missing clock pin in the sequential cell. [LBR-525]
        : Clock pin absent in sequential cell(s) 'RSLATXL' (File /home/cad/TECH.D/TSMC180/lib/typical.lib, Line 148313)

  Message Summary for Library typical.lib:
  ****************************************
  Missing clock pin in the sequential cell. [LBR-525]: 8
  Missing a function attribute in the output pin definition. [LBR-518]: 1
  An unsupported construct was detected in this library. [LBR-40]: 1
  ****************************************
 
Info    : Created nominal operating condition. [LBR-412]
        : Operating condition '_nominal_' was created for the PVT values (1.000000, 1.800000, 25.000000) in library 'typical.lib'.
        : The nominal operating condition is represented, either by the nominal PVT values specified in the library source (via nom_process,nom_voltage and nom_temperature respectively), or by the default PVT values (1.0,1.0,1.0).
  Setting attribute of root '/': 'library' = typical.lib
@file(lib_scr.tcl) 32: set_db script_search_path { . ./scripts }
  Setting attribute of root '/': 'script_search_path' =  . ./scripts 
@file(lib_scr.tcl) 35: set_db init_hdl_search_path { . ../rtl_sources }
  Setting attribute of root '/': 'init_hdl_search_path' =  . ../rtl_sources 
#@ End verbose source ./script/lib_scr.tcl
@file(syn_scr.tcl) 16: echo "-------------------------------------------------"
-------------------------------------------------
@file(syn_scr.tcl) 17: echo " Reading design RTL"
 Reading design RTL
@file(syn_scr.tcl) 18: echo "-------------------------------------------------"
-------------------------------------------------
@file(syn_scr.tcl) 21: set file_list {../rtl_sources/crc16_ccitt.v \
                ../rtl_sources/otp_controller.v \
               }
@file(syn_scr.tcl) 28: set_db auto_ungroup none
  Setting attribute of root '/': 'auto_ungroup' = none
@file(syn_scr.tcl) 29: set_db write_vlog_top_module_first true
  Setting attribute of root '/': 'write_vlog_top_module_first' = true
@file(syn_scr.tcl) 34: set_db information_level 1
  Setting attribute of root '/': 'information_level' = 1
@file(syn_scr.tcl) 36: set_db remove_assigns true
  Setting attribute of root '/': 'remove_assigns' = true
@file(syn_scr.tcl) 42: read_hdl -language sv $file_list
`include "settings.h"
                    |
Warning : Cannot open file. [VLOGPT-650]
        : File 'settings.h' in file '../rtl_sources/crc16_ccitt.v' on line 2, column 21.
        : The specified file could not be opened.  Check the value of the init_hdl_search_path attribute.
`include "settings.h"
                    |
Warning : Cannot open file. [VLOGPT-650]
        : File 'settings.h' in file '../rtl_sources/otp_controller.v' on line 3, column 21.
@file(syn_scr.tcl) 44: echo "-------------------------------------------------"
-------------------------------------------------
@file(syn_scr.tcl) 45: echo " Elaborating"
 Elaborating
@file(syn_scr.tcl) 46: echo "-------------------------------------------------"
-------------------------------------------------
@file(syn_scr.tcl) 48: elaborate
Info    : Elaborating Design. [ELAB-1]
        : Elaborating top-level block 'otp_controller' from file '../rtl_sources/otp_controller.v'.
Info    : Done Elaborating Design. [ELAB-3]
        : Done elaborating 'otp_controller'.
Checking for analog nets...
Check completed for analog nets.
Checking for source RTL...
Check completed for source RTL.
Running Unified Mux Engine Tricks...
Completed Unified Mux Engine Tricks
--------------------------------------------------------
| Trick             | Accepts | Rejects | Runtime (ms) | 
--------------------------------------------------------
| ume_constant_bmux |       0 |       0 |         0.00 | 
--------------------------------------------------------
Starting clip mux common data inputs [v1.0] (stage: post_elab, startdef: otp_controller, recur: true)
Completed clip mux common data inputs (accepts: 0, rejects: 0, runtime: 0.000s)
Starting clip the non-user hierarchies [v2.0] (stage: post_elab, startdef: otp_controller, recur: true)
Completed clip the non-user hierarchies (accepts: 0, rejects: 0, runtime: 0.001s)
UM:   flow.cputime  flow.realtime  timing.setup.tns  timing.setup.wns  snapshot
UM:*                                                                   elaborate
@file(syn_scr.tcl) 52: echo "-------------------------------------------------"
-------------------------------------------------
@file(syn_scr.tcl) 53: echo " Setting top module and uniquifying"
 Setting top module and uniquifying
@file(syn_scr.tcl) 54: echo "-------------------------------------------------"
-------------------------------------------------
@file(syn_scr.tcl) 57: set_top_module otp_controller
@file(syn_scr.tcl) 61: echo "-------------------------------------------------"
-------------------------------------------------
@file(syn_scr.tcl) 62: echo " Checking for unresolved references"
 Checking for unresolved references
@file(syn_scr.tcl) 63: echo "-------------------------------------------------"
-------------------------------------------------
@file(syn_scr.tcl) 64: check_design -unresolved


 	 Check Design Report (c)
	 ------------------- 

  Unresolved References & Empty Modules
  ------------------------------------- 
No unresolved references in design 'otp_controller'

No empty modules in design 'otp_controller'

  Done Checking the design.
@file(syn_scr.tcl) 66: echo "-------------------------------------------------"
-------------------------------------------------
@file(syn_scr.tcl) 67: echo " Define clocks and their constraints"
 Define clocks and their constraints
@file(syn_scr.tcl) 68: echo "-------------------------------------------------"
-------------------------------------------------
@file(syn_scr.tcl) 69: source ./script/otp_controller_clock_const.tcl
Sourcing './script/otp_controller_clock_const.tcl' (Tue Aug 11 14:25:33 +0330 2026)...
#@ Begin verbose source ./script/otp_controller_clock_const.tcl
@file(otp_controller_clock_const.tcl) 4: create_clock [get_ports clk]          -name clk        -domain sysclk -period 7629.39
#@ End verbose source ./script/otp_controller_clock_const.tcl
@file(syn_scr.tcl) 75: echo "-------------------------------------------------"
-------------------------------------------------
@file(syn_scr.tcl) 76: echo " Initializing (loading) design"
 Initializing (loading) design
@file(syn_scr.tcl) 77: echo "-------------------------------------------------"
-------------------------------------------------
@file(syn_scr.tcl) 79: init_design
Started checking and loading power intent for design otp_controller...
======================================================================
No power intent for design 'otp_controller'.
Completed checking and loading power intent for design otp_controller (runtime 0.00s).
======================================================================================
  Setting attribute of root '/': 'read_qrc_tech_file_rc_corner' = true
@file(syn_scr.tcl) 80: time_info init_design
stamp 'init_design' being created for table 'default'

  Total Time (Wall) |  Stage Time (Wall)  |   % (Wall)   |    Date - Time     |  Memory   | Stage
--------------------+---------------------+--------------+--------------------+-----------+----------------------
 00:00:13(00:00:00) |  00:00:00(00:00:00) |   0.0(  0.0) |   14:24:50 (Aug11) |  198.0 MB | init
--------------------+---------------------+--------------+--------------------+-----------+----------------------
 00:00:24(00:00:43) |  00:00:11(00:00:43) | 100.0(100.0) |   14:25:33 (Aug11) |  354.4 MB | init_design
--------------------+---------------------+--------------+--------------------+-----------+----------------------
Number of threads: 8 * 1   (id: default, time_info v1.57)
Info: (*N*) indicates data that was populated from previously saved time_info database
Info: CPU time includes time of parent + longest thread
@file(syn_scr.tcl) 83: echo "-------------------------------------------------"
-------------------------------------------------
@file(syn_scr.tcl) 84: echo " Checking clocks definitions"
 Checking clocks definitions
@file(syn_scr.tcl) 85: echo "-------------------------------------------------"
-------------------------------------------------
@file(syn_scr.tcl) 86: report_clocks
============================================================
  Generated by:           Genus(TM) Synthesis Solution 21.10-p002_1
  Generated on:           Aug 11 2026  02:25:33 pm
  Module:                 otp_controller
  Technology library:     typical 1.1
  Operating conditions:   typical (balanced_tree)
  Wireload mode:          enclosed
  Area mode:              timing library
============================================================


 Clock Description
 ----------------- 

 Clock                                 Clock   Source     No of   
 Name     Period    Rise     Fall      Domain Pin/Port  Registers 
------------------------------------------------------------------
 clk     7629390.0   0.0   3814695.0   sysclk   clk           479 

 Clock Network Latency / Setup Uncertainty
 ----------------------------------------- 

        Network   Network   Source   Source     Setup        Setup    
Clock   Latency   Latency  Latency  Latency  Uncertainty  Uncertainty 
 Name    Rise      Fall      Rise     Fall       Rise         Fall    
----------------------------------------------------------------------
clk         0.0       0.0      0.0      0.0          0.0          0.0 

 Clock Relationship (with uncertainty & latency)
 ----------------------------------------------- 

  From    To      R->R        R->F        F->R        F->F   
-------------------------------------------------------------
  clk    clk   7629390.0   3814695.0   3814695.0   7629390.0 
@file(syn_scr.tcl) 89: echo "-------------------------------------------------"
-------------------------------------------------
@file(syn_scr.tcl) 90: echo " Running synthesis"
 Running synthesis
@file(syn_scr.tcl) 91: echo "-------------------------------------------------"
-------------------------------------------------
@file(syn_scr.tcl) 93: syn_generic
##Generic Timing Info for library domain: _default_ typical gate delay: 108.7 ps std_slew: 33.0 ps std_load: 9.9 fF
Starting mux data reorder optimization [v1.0] (stage: pre_to_gen_setup, startdef: otp_controller, recur: true)
Completed mux data reorder optimization (accepts: 0, rejects: 0, runtime: 0.026s)
Info    : Synthesizing. [SYNTH-1]
        : Synthesizing 'otp_controller' to generic gates using 'medium' effort.
PBS_Generic-Start - Elapsed_Time 0, CPU_Time 0.0
stamp 'PBS_Generic-Start' being created for table 'pbs_debug'

  Total Time (Wall) |  Stage Time (Wall)  |   % (Wall)   |    Date - Time     |  Memory   | Stage
--------------------+---------------------+--------------+--------------------+-----------+----------------------
 00:00:24(00:00:44) |  00:00:00(00:00:00) |   0.0(  0.0) |   14:25:34 (Aug11) |  354.4 MB | PBS_Generic-Start
--------------------+---------------------+--------------+--------------------+-----------+----------------------
Number of threads: 8 * 1   (id: pbs_debug, time_info v1.57)
Info: (*N*) indicates data that was populated from previously saved time_info database
Info: CPU time includes time of parent + longest thread
TNS Restructuring config: no_value at stage: generic applied.
Info    : Partition Based Synthesis execution skipped. [PHYS-752]
        : Design size is less than the partition size '100000' for distributed generic optimization to kick in.
Starting mux data reorder optimization [v1.0] (stage: pre_to_gen_setup, startdef: otp_controller, recur: true)
Completed mux data reorder optimization (accepts: 0, rejects: 0, runtime: 0.062s)
Info    : Deleting instances not driving any primary outputs. [GLO-34]
        : Deleting 15 hierarchical instances.
        : Optimizations such as constant propagation or redundancy removal could change the connections so a hierarchical instance does not drive any primary outputs anymore. To see the list of deleted hierarchical instances, set the 'information_level' attribute to 2 or above. If the message is truncated set the message attribute 'truncate' to false to see the complete list. To prevent this optimization, set the 'delete_unloaded_insts' root/subdesign attribute to 'false' or 'preserve' instance attribute to 'true'.
Starting mux data reorder optimization [v1.0] (stage: post_to_gen_setup, startdef: otp_controller, recur: true)
Completed mux data reorder optimization (accepts: 0, rejects: 0, runtime: 0.028s)
Running Unified Mux Engine Tricks...
Completed Unified Mux Engine Tricks
--------------------------------------------
| Trick | Accepts | Rejects | Runtime (ms) | 
--------------------------------------------
--------------------------------------------
Starting datapath recasting [v1.0] (stage: pre_rtlopt, startdef: otp_controller, recur: true)
Completed datapath recasting (accepts: 0, rejects: 0, runtime: 0.000s)
Starting infer macro optimization [v1.0] (stage: pre_rtlopt, startdef: otp_controller, recur: true)
Completed infer macro optimization (accepts: 0, rejects: 7, runtime: 0.009s)
Starting decode mux sandwich optimization [v2.0] (stage: pre_rtlopt, startdef: otp_controller, recur: true)
Completed decode mux sandwich optimization (accepts: 0, rejects: 0, runtime: 0.000s)
Starting decode mux optimization [v1.0] (stage: pre_rtlopt, startdef: otp_controller, recur: true)
Completed decode mux optimization (accepts: 0, rejects: 0, runtime: 0.000s)
Starting chop wide muxes [v1.0] (stage: pre_rtlopt, startdef: otp_controller, recur: true)
Completed chop wide muxes (accepts: 0, rejects: 0, runtime: 0.001s)
Starting common data mux cascade opt [v1.0] (stage: pre_rtlopt, startdef: otp_controller, recur: true)
Completed common data mux cascade opt (accepts: 0, rejects: 0, runtime: 0.000s)
Starting mux input consolidation [v1.0] (stage: pre_rtlopt, startdef: otp_controller, recur: true)
Completed mux input consolidation (accepts: 0, rejects: 0, runtime: 0.002s)
Starting priority mux optimization [v1.0] (stage: pre_rtlopt, startdef: otp_controller, recur: true)
Completed priority mux optimization (accepts: 0, rejects: 0, runtime: 0.266s)
Starting constant-data mux optimization [v1.0] (stage: pre_rtlopt, startdef: otp_controller, recur: true)
Completed constant-data mux optimization (accepts: 0, rejects: 0, runtime: 0.001s)
Starting chain-to-tree inequality transform [v2.0] (stage: pre_rtlopt, startdef: otp_controller, recur: true)
Completed chain-to-tree inequality transform (accepts: 0, rejects: 0, runtime: 0.014s)
Starting reconvergence optimization [v1.0] (stage: pre_rtlopt, startdef: otp_controller, recur: true)
Completed reconvergence optimization (accepts: 0, rejects: 0, runtime: 0.001s)
Starting logic restructure optimization [v1.0] (stage: pre_rtlopt, startdef: otp_controller, recur: true)
Completed logic restructure optimization (accepts: 0, rejects: 0, runtime: 0.002s)
Starting common select mux optimization [v1.0] (stage: pre_rtlopt, startdef: otp_controller, recur: true)
Completed common select mux optimization (accepts: 0, rejects: 1, runtime: 0.003s)
Starting identity transform [v3.0] (stage: pre_rtlopt, startdef: otp_controller, recur: true)
Completed identity transform (accepts: 0, rejects: 0, runtime: 0.002s)
Starting reduce operator chain [v1.0] (stage: pre_rtlopt, startdef: otp_controller, recur: true)
Completed reduce operator chain (accepts: 0, rejects: 0, runtime: 0.000s)
Starting common data mux cascade opt [v1.0] (stage: pre_rtlopt, startdef: otp_controller, recur: true)
Completed common data mux cascade opt (accepts: 0, rejects: 0, runtime: 0.001s)
Starting mux input consolidation [v1.0] (stage: pre_rtlopt, startdef: otp_controller, recur: true)
Completed mux input consolidation (accepts: 0, rejects: 0, runtime: 0.001s)
Starting optimize datapath elements [v1.0] (stage: pre_rtlopt, startdef: otp_controller, recur: true)
Completed optimize datapath elements (accepts: 0, rejects: 0, runtime: 0.000s)
Starting clip mux common data inputs [v1.0] (stage: pre_rtlopt, startdef: otp_controller, recur: true)
Completed clip mux common data inputs (accepts: 0, rejects: 0, runtime: 0.001s)
Starting clip the non-user hierarchies [v2.0] (stage: pre_rtlopt, startdef: otp_controller, recur: true)
Completed clip the non-user hierarchies (accepts: 0, rejects: 0, runtime: 0.000s)
Running Unified Mux Engine Tricks...
Completed Unified Mux Engine Tricks
--------------------------------------------------
| Trick       | Accepts | Rejects | Runtime (ms) | 
--------------------------------------------------
| ume_runtime |       0 |       0 |         0.00 | 
--------------------------------------------------
Number of big hc bmuxes before = 0
Number of non-ctl's : 1
mux_cmbsop_busy_116_15 
SOP DEBUG : Module= otp_controller, Cluster= ctl_116_15, ctl= 1, Non-ctl= 1
Selected impl_type 1 (pla_form1 (optimized)) for sop cluster ctl_116_15.
Info    : Pre-processed datapath logic. [DPOPT-6]
        : Pre-processing optimizations applied to datapath logic in 'otp_controller':
          sop(1) 
Info    : Optimizing datapath logic. [DPOPT-1]
        : Optimizing datapath logic in 'otp_controller'.
Info    : Implementing datapath configurations. [DPOPT-3]
        : Implementing datapath configurations for 'CDN_DP_region_1_1'
CSAGen Prep Share:0 Re-Write:0 Speculation: 0
MaxCSA: Successfully built Maximal CSA Expression Expr0
CDN_DP_region_1_1 level = 0 loads = 0 drivers = 0
CDN_DP_region_1_1_c0 in otp_controller: area: 55222161968 ,dp = 1 mux = 309 sg = slow         worst_clk_period: -4592024818112686007544091371623043813004152832110781083474987530434548819765321140516579626654680392906110065126800729164270879694187219469955113378228855615075034128434092163310164542077600748578610244716643515416258676369934689095608681774610783372403276652660868448931282944.0000 
    wns: 0  norm_wns:  0.0000 
    fail_endp: 0 
    tns:  0  tns_per_endp:  0.0000   norm_tns_per_endp:  0.0000 
    tns_sense_max:  0.0000  tns_sense_avg:  0.0000   tns_sense_num: 0
 skipped
CDN_DP_region_1_1_c1 in otp_controller: area: 55222161968 ,dp = 1 mux = 309 sg = fast         worst_clk_period: 0.0000 
    wns: 0  norm_wns:  0.0000 
    fail_endp: 0 
    tns:  0  tns_per_endp:  0.0000   norm_tns_per_endp:  0.0000 
    tns_sense_max:  0.0000  tns_sense_avg:  0.0000   tns_sense_num: 0
 is current best
CDN_DP_region_1_1_c2 in otp_controller: area: 55222161968 ,dp = 1 mux = 309 sg = very_slow    worst_clk_period: 0.0000 
    wns: 0  norm_wns:  0.0000 
    fail_endp: 0 
    tns:  0  tns_per_endp:  0.0000   norm_tns_per_endp:  0.0000 
    tns_sense_max:  0.0000  tns_sense_avg:  0.0000   tns_sense_num: 0
 is current best
CDN_DP_region_1_1_c3 in otp_controller: area: 55222161968 ,dp = 1 mux = 309 sg = very_fast    worst_clk_period: 0.0000 
    wns: 0  norm_wns:  0.0000 
    fail_endp: 0 
    tns:  0  tns_per_endp:  0.0000   norm_tns_per_endp:  0.0000 
    tns_sense_max:  0.0000  tns_sense_avg:  0.0000   tns_sense_num: 0
 is current best
CDN_DP_region_1_1_c4 in otp_controller: area: 55222161968 ,dp = 1 mux = 309 sg = very_fast    worst_clk_period: 0.0000 
    wns: 0  norm_wns:  0.0000 
    fail_endp: 0 
    tns:  0  tns_per_endp:  0.0000   norm_tns_per_endp:  0.0000 
    tns_sense_max:  0.0000  tns_sense_avg:  0.0000   tns_sense_num: 0
 is current best
CDN_DP_region_1_1_c5 in otp_controller: area: 55222161968 ,dp = 1 mux = 309 sg = very_fast    worst_clk_period: 0.0000 
    wns: 0  norm_wns:  0.0000 
    fail_endp: 0 
    tns:  0  tns_per_endp:  0.0000   norm_tns_per_endp:  0.0000 
    tns_sense_max:  0.0000  tns_sense_avg:  0.0000   tns_sense_num: 0
 is current best
CDN_DP_region_1_1_c6 in otp_controller: area: 55222161968 ,dp = 1 mux = 309 sg = very_fast    worst_clk_period: 0.0000 
    wns: 0  norm_wns:  0.0000 
    fail_endp: 0 
    tns:  0  tns_per_endp:  0.0000   norm_tns_per_endp:  0.0000 
    tns_sense_max:  0.0000  tns_sense_avg:  0.0000   tns_sense_num: 0
 is current best
CDN_DP_region_1_1_c7 in otp_controller: area: 55222161968 ,dp = 1 mux = 309 sg = very_fast    worst_clk_period: 0.0000 
    wns: 0  norm_wns:  0.0000 
    fail_endp: 0 
    tns:  0  tns_per_endp:  0.0000   norm_tns_per_endp:  0.0000 
    tns_sense_max:  0.0000  tns_sense_avg:  0.0000   tns_sense_num: 0
 is current best
Best config: CDN_DP_region_1_1_c7 in otp_controller: area: 55222161968 ,dp = 1 mux = 309 sg = very_fast    worst_clk_period: 0.0000 
    wns: 0  norm_wns:  0.0000 
    fail_endp: 0 
    tns:  0  tns_per_endp:  0.0000   norm_tns_per_endp:  0.0000 
    tns_sense_max:  0.0000  tns_sense_avg:  0.0000   tns_sense_num: 0
  Smallest config area : 55222161968.  Fastest config wns;  0
##>+----------------------------------------------------------------------------------------------------------------------------------------------------------------+
##>Summary table of configs (Best config is CDN_DP_region_1_1_c7)
##>+----------------------------------------------------------------------------------------------------------------------------------------------------------------+
##>                     0                  1                  2                  3                  4                  5                  6                  7            
##>+----------------------------------------------------------------------------------------------------------------------------------------------------------------+
##>           Area      55222161968        55222161968        55222161968        55222161968        55222161968        55222161968        55222161968        55222161968  
##>            WNS      +7627403.50        +7627403.50        +7627403.50        +7627403.50        +7627403.50        +7627403.50        +7627403.50        +7627403.50  
##>            TNS                0                  0                  0                  0                  0                  0                  0                  0  
##>    Num Rewrite                0                  0                  0                  0                  0                  0                  0                  0  
##>     Num Factor                0                  0                  0                  0                  0                  0                  0                  0  
##>      Num Share                0                  0                  0                  0                  0                  0                  0                  0  
##>   Num CmultCse                0                  0                  0                  0                  0                  0                  0                  0  
##>   Num Downsize                0                  0                  0                  0                  0                  0                  0                  0  
##>  Num Speculate                0                  0                  0                  0                  0                  0                  0                  0  
##>     Runtime(s)                0                  0                  0                  0                  0                  0                  0                  0  
+----------------------------------------------------------------------------------------------------------------------------------------------------------------+
##>
##>
##>+------------------------------------------------------------------------------------------------------------------------------------------------------------+
##>Optimization Step DEBUG Table for config CDN_DP_region_1_1_c7
##>
##>                          Step                        Area   ( % Chg)        WNS (Change)        TNS (Change)          Runtime (s)        Comment                   
##>+------------------------------------------------------------------------------------------------------------------------------------------------------------+
##>EquationExtraction              START            55222161968 (      )    7627403.50 (        )             0 (        )              
##> rewrite                        START            56141755306 ( +1.67)    7627404.30 (   +0.80)             0 (       0)              (a,ar) Expr0_from --> Expr0_to
##>                                  END            62450864030 (+11.24)    7627404.30 (   +0.00)             0 (       0)           0  
##>                                  END            55222161968 ( +0.00)    7627403.50 (   +0.00)             0 (       0)           0  
##>createMaxCarrySave              START            55222161968 ( +0.00)    7627403.50 (   +0.00)             0 (       0)              
##> datapath_rewrite_one_def       START            55222161968 ( +0.00)    7627403.50 (   +0.00)             0 (       0)              
##>                                  END            55222161968 ( +0.00)    7627403.50 (   +0.00)             0 (       0)           0  
##> csa_opto                       START            55222161968 ( +0.00)    7627403.50 (   +0.00)             0 (       0)              
##>                                  END            55222161968 ( +0.00)    7627403.50 (   +0.00)             0 (       0)           0  
##>                                  END            55222161968 ( +0.00)    7627403.50 (   +0.00)             0 (       0)           0  
##>canonicalize_by_names           START            55222161968 ( +0.00)    7627403.50 (   +0.00)             0 (       0)              
##>                                  END            55222161968 ( +0.00)    7627403.50 (   +0.00)             0 (       0)           0  
##>datapath_rewrite_post_csa_one_  START            55222161968 ( +0.00)    7627403.50 (   +0.00)             0 (       0)              
##>                                  END            55222161968 ( +0.00)    7627403.50 (   +0.00)             0 (       0)           0  
##>datapath_csa_factoring_one_gde  START            55222161968 ( +0.00)    7627403.50 (   +0.00)             0 (       0)              
##>                                  END            55222161968 ( +0.00)    7627403.50 (   +0.00)             0 (       0)           0  
##>dpopt_share_one_def             START            55222161968 ( +0.00)    7627403.50 (   +0.00)             0 (       0)              
##>                                  END            55222161968 ( +0.00)    7627403.50 (   +0.00)             0 (       0)           0  
##>datapath_rewrite_post_share     START            55222161968 ( +0.00)    7627403.50 (   +0.00)             0 (       0)              
##>                                  END            55222161968 ( +0.00)    7627403.50 (   +0.00)             0 (       0)           0  
##>dp_combine_const_mult_with_com  START            55222161968 ( +0.00)    7627403.50 (   +0.00)             0 (       0)              
##>                                  END            55222161968 ( +0.00)    7627403.50 (   +0.00)             0 (       0)           0  
##>dp_operator_level_decompositio  START            55222161968 ( +0.00)    7627403.50 (   +0.00)             0 (       0)              
##>                                  END            55222161968 ( +0.00)    7627403.50 (   +0.00)             0 (       0)           0  
##>selective_flatten_dp_config     START            55222161968 ( +0.00)    7627403.50 (   +0.00)             0 (       0)              
##>                                  END            55222161968 ( +0.00)    7627403.50 (   +0.00)             0 (       0)           0  
##>createMaxCarrySave              START            55222161968 ( +0.00)    7627403.50 (   +0.00)             0 (       0)              
##> datapath_rewrite_one_def       START            55222161968 ( +0.00)    7627403.50 (   +0.00)             0 (       0)              
##>  fast_cse_elim                 START            55222161968 ( +0.00)    7627403.50 (   +0.00)             0 (       0)              
##>                                  END            55222161968 ( +0.00)    7627403.50 (   +0.00)             0 (       0)           0  
##>  fast_cse_elim                 START            55222161968 ( +0.00)    7627403.50 (   +0.00)             0 (       0)              
##>                                  END            55222161968 ( +0.00)    7627403.50 (   +0.00)             0 (       0)           0  
##>                                  END            55222161968 ( +0.00)    7627403.50 (   +0.00)             0 (       0)           0  
##> csa_opto                       START            55222161968 ( +0.00)    7627403.50 (   +0.00)             0 (       0)              
##>                                  END            55222161968 ( +0.00)    7627403.50 (   +0.00)             0 (       0)           0  
##>                                  END            55222161968 ( +0.00)    7627403.50 (   +0.00)             0 (       0)           0  
##>context_based_simplify          START            55222161968 ( +0.00)    7627403.50 (   +0.00)             0 (       0)              
##>                                  END            55222161968 ( +0.00)    7627403.50 (   +0.00)             0 (       0)           0  
##>group_csa_final_adder_dp        START            55222161968 ( +0.00)    7627403.50 (   +0.00)             0 (       0)              
##>                                  END            55222161968 ( +0.00)    7627403.50 (   +0.00)             0 (       0)           0  
##>dpopt_flatten_critical_muxes_i  START            55222161968 ( +0.00)    7627403.50 (   +0.00)             0 (       0)              
##>                                  END            55222161968 ( +0.00)    7627403.50 (   +0.00)             0 (       0)           0  
##>create_score                    START            55222161968 ( +0.00)    7627403.50 (   +0.00)             0 (       0)              
##>                                  END            55222161968 ( +0.00)    7627403.50 (   +0.00)             0 (       0)           0  
##>+------------------------------------------------------------------------------------------------------------------------------------------------------------+
Committed config: CDN_DP_region_1_1_c7
Info    : Done implementing datapath configurations. [DPOPT-4]
        : Selected 'very_fast' configuration 7 for module 'CDN_DP_region_1_1'.
          Optimizations applied to 'very_fast' configuration:
            rewriting(0), factoring(0), sharing(0), cmultcse(0), downsizing(0), speculation(0)
Info    : Implementing datapath configurations. [DPOPT-3]
        : Implementing datapath configurations for 'CDN_DP_region_1_2'
CSAGen Prep Share:0 Re-Write:0 Speculation: 0
MaxCSA: Successfully built Maximal CSA Expression Expr1
CDN_DP_region_1_2 level = 0 loads = 0 drivers = 0
CDN_DP_region_1_2_c0 in otp_controller: area: 3026509720 ,dp = 10 mux = 0 sg = slow         worst_clk_period: 0.0000 
    wns: 0  norm_wns:  0.0000 
    fail_endp: 0 
    tns:  0  tns_per_endp:  0.0000   norm_tns_per_endp:  0.0000 
    tns_sense_max:  0.0000  tns_sense_avg:  0.0000   tns_sense_num: -69384960
 skipped
CDN_DP_region_1_2_c1 in otp_controller: area: 2630735372 ,dp = 10 mux = 0 sg = fast         worst_clk_period: 0.0000 
    wns: 0  norm_wns:  0.0000 
    fail_endp: 0 
    tns:  0  tns_per_endp:  0.0000   norm_tns_per_endp:  0.0000 
    tns_sense_max:  0.0000  tns_sense_avg:  0.0000   tns_sense_num: 0
 is current best
CDN_DP_region_1_2_c2 in otp_controller: area: 2630735372 ,dp = 10 mux = 0 sg = very_slow    worst_clk_period: 0.0000 
    wns: 0  norm_wns:  0.0000 
    fail_endp: 0 
    tns:  0  tns_per_endp:  0.0000   norm_tns_per_endp:  0.0000 
    tns_sense_max:  0.0000  tns_sense_avg:  0.0000   tns_sense_num: 0
 is current best
CDN_DP_region_1_2_c3 in otp_controller: area: 2630735372 ,dp = 10 mux = 0 sg = very_fast    worst_clk_period: 0.0000 
    wns: 0  norm_wns:  0.0000 
    fail_endp: 0 
    tns:  0  tns_per_endp:  0.0000   norm_tns_per_endp:  0.0000 
    tns_sense_max:  0.0000  tns_sense_avg:  0.0000   tns_sense_num: 0
 is current best
CDN_DP_region_1_2_c4 in otp_controller: area: 2630735372 ,dp = 10 mux = 0 sg = very_fast    worst_clk_period: 0.0000 
    wns: 0  norm_wns:  0.0000 
    fail_endp: 0 
    tns:  0  tns_per_endp:  0.0000   norm_tns_per_endp:  0.0000 
    tns_sense_max:  0.0000  tns_sense_avg:  0.0000   tns_sense_num: 0
 is current best
CDN_DP_region_1_2_c5 in otp_controller: area: 2630735372 ,dp = 10 mux = 0 sg = very_fast    worst_clk_period: 0.0000 
    wns: 0  norm_wns:  0.0000 
    fail_endp: 0 
    tns:  0  tns_per_endp:  0.0000   norm_tns_per_endp:  0.0000 
    tns_sense_max:  0.0000  tns_sense_avg:  0.0000   tns_sense_num: 0
 is current best
CDN_DP_region_1_2_c6 in otp_controller: area: 2630735372 ,dp = 10 mux = 0 sg = very_fast    worst_clk_period: 0.0000 
    wns: 0  norm_wns:  0.0000 
    fail_endp: 0 
    tns:  0  tns_per_endp:  0.0000   norm_tns_per_endp:  0.0000 
    tns_sense_max:  0.0000  tns_sense_avg:  0.0000   tns_sense_num: 0
 is current best
CDN_DP_region_1_2_c7 in otp_controller: area: 5971536486 ,dp = 10 mux = 0 sg = very_fast    worst_clk_period: 0.0000 
    wns: 0  norm_wns:  0.0000 
    fail_endp: 0 
    tns:  0  tns_per_endp:  0.0000   norm_tns_per_endp:  0.0000 
    tns_sense_max:  0.0000  tns_sense_avg:  0.0000   tns_sense_num: -72505088

Best config: CDN_DP_region_1_2_c6 in otp_controller: area: 2630735372 ,dp = 10 mux = 0 sg = very_fast    worst_clk_period: 0.0000 
    wns: 0  norm_wns:  0.0000 
    fail_endp: 0 
    tns:  0  tns_per_endp:  0.0000   norm_tns_per_endp:  0.0000 
    tns_sense_max:  0.0000  tns_sense_avg:  0.0000   tns_sense_num: 0
  Smallest config area : 2630735372.  Fastest config wns;  0
##>+----------------------------------------------------------------------------------------------------------------------------------------------------------------+
##>Summary table of configs (Best config is CDN_DP_region_1_2_c6)
##>+----------------------------------------------------------------------------------------------------------------------------------------------------------------+
##>                     0                  1                  2                  3                  4                  5                  6                  7            
##>+----------------------------------------------------------------------------------------------------------------------------------------------------------------+
##>           Area       3026509720         2630735372         2630735372         2630735372         2630735372         2630735372         2630735372         5971536486  
##>            WNS      +7627403.50        +7627403.50        +7627403.50        +7627403.50        +7627403.50        +7627403.50        +7627403.50        +7627316.90  
##>            TNS                0                  0                  0                  0                  0                  0                  0                  0  
##>    Num Rewrite                0                  0                  0                  0                  0                  0                  0                  0  
##>     Num Factor                0                  0                  0                  0                  0                  0                  0                  0  
##>      Num Share                0                  0                  0                  0                  0                  0                  0                  0  
##>   Num CmultCse                0                  0                  0                  0                  0                  0                  0                  0  
##>   Num Downsize                0                  0                  0                  0                  0                  0                  0                  0  
##>  Num Speculate                0                  0                  0                  0                  0                  0                  0                  0  
##>     Runtime(s)                0                  0                  0                  0                  0                  0                  0                  1  
+----------------------------------------------------------------------------------------------------------------------------------------------------------------+
##>
##>
##>+------------------------------------------------------------------------------------------------------------------------------------------------------------+
##>Optimization Step DEBUG Table for config CDN_DP_region_1_2_c6
##>
##>                          Step                        Area   ( % Chg)        WNS (Change)        TNS (Change)          Runtime (s)        Comment                   
##>+------------------------------------------------------------------------------------------------------------------------------------------------------------+
##>createMaxCarrySave              START             3026509720 (      )    115001585.90 (        )             0 (        )              
##> datapath_rewrite_one_def       START             3026509720 ( +0.00)    115001585.90 (   +0.00)             0 (       0)              
##>  fast_cse_elim                 START             3026509720 ( +0.00)    115001585.90 (   +0.00)             0 (       0)              
##>                                  END             3026509720 ( +0.00)    115001585.90 (   +0.00)             0 (       0)           0  
##>  fast_cse_elim                 START             3026509720 ( +0.00)    115001585.90 (   +0.00)             0 (       0)              
##>                                  END             3026509720 ( +0.00)    115001585.90 (   +0.00)             0 (       0)           0  
##>                                  END             3026509720 ( +0.00)    115001585.90 (   +0.00)             0 (       0)           0  
##> dpopt_share_one_def            START             3026509720 ( +0.00)    115001585.90 (   +0.00)             0 (       0)              
##>                                  END             3026509720 ( +0.00)    115001585.90 (   +0.00)             0 (       0)           0  
##> csa_opto                       START             3026509720 ( +0.00)    214748364.70 (+99746778.80)             0 (       0)              
##>                                  END             3026509720 ( +0.00)    214748364.70 (   +0.00)             0 (       0)           0  
##>                                  END             3026509720 ( +0.00)    214748364.70 (+99746778.80)             0 (       0)           0  
##>canonicalize_by_names           START             3026509720 ( +0.00)    214748364.70 (   +0.00)             0 (       0)              
##>                                  END             3026509720 ( +0.00)    214748364.70 (   +0.00)             0 (       0)           0  
##>datapath_rewrite_post_csa_one_  START             3026509720 ( +0.00)    214748364.70 (   +0.00)             0 (       0)              
##>                                  END             3026509720 ( +0.00)    214748364.70 (   +0.00)             0 (       0)           0  
##>datapath_csa_factoring_one_gde  START             3026509720 ( +0.00)    214748364.70 (   +0.00)             0 (       0)              
##>                                  END             3026509720 ( +0.00)    214748364.70 (   +0.00)             0 (       0)           0  
##>dpopt_share_one_def             START             3026509720 ( +0.00)    214748364.70 (   +0.00)             0 (       0)              
##>                                  END             3026509720 ( +0.00)    214748364.70 (   +0.00)             0 (       0)           0  
##>datapath_rewrite_post_share     START             3026509720 ( +0.00)    214748364.70 (   +0.00)             0 (       0)              
##>                                  END             3026509720 ( +0.00)    214748364.70 (   +0.00)             0 (       0)           0  
##>dp_combine_const_mult_with_com  START             3026509720 ( +0.00)    214748364.70 (   +0.00)             0 (       0)              
##>                                  END             3026509720 ( +0.00)    214748364.70 (   +0.00)             0 (       0)           0  
##>dp_operator_level_decompositio  START             3026509720 ( +0.00)    214748364.70 (   +0.00)             0 (       0)              
##>                                  END             3026509720 ( +0.00)    214748364.70 (   +0.00)             0 (       0)           0  
##>selective_flatten_dp_config     START             3026509720 ( +0.00)    214748364.70 (   +0.00)             0 (       0)              
##>                                  END             3026509720 ( +0.00)    214748364.70 (   +0.00)             0 (       0)           0  
##>createMaxCarrySave              START             3026509720 ( +0.00)    214748364.70 (   +0.00)             0 (       0)              
##> datapath_rewrite_one_def       START             3026509720 ( +0.00)    214748364.70 (   +0.00)             0 (       0)              
##>  fast_cse_elim                 START             3026509720 ( +0.00)    214748364.70 (   +0.00)             0 (       0)              
##>                                  END             3026509720 ( +0.00)    214748364.70 (   +0.00)             0 (       0)           0  
##>  fast_cse_elim                 START             3026509720 ( +0.00)    214748364.70 (   +0.00)             0 (       0)              
##>                                  END             3026509720 ( +0.00)    214748364.70 (   +0.00)             0 (       0)           0  
##>                                  END             3026509720 ( +0.00)    214748364.70 (   +0.00)             0 (       0)           0  
##> dpopt_share_one_def            START             3026509720 ( +0.00)    214748364.70 (   +0.00)             0 (       0)              
##>                                  END             3026509720 ( +0.00)    214748364.70 (   +0.00)             0 (       0)           0  
##> csa_opto                       START             3026509720 ( +0.00)    214748364.70 (   +0.00)             0 (       0)              
##>                                  END             3026509720 ( +0.00)    214748364.70 (   +0.00)             0 (       0)           0  
##>                                  END             3026509720 ( +0.00)    214748364.70 (   +0.00)             0 (       0)           0  
##>context_based_simplify          START             3026509720 ( +0.00)    214748364.70 (   +0.00)             0 (       0)              
##>                                  END             2630735372 (-13.08)    214748364.70 (   +0.00)             0 (       0)           0  
##>group_csa_final_adder_dp        START             2630735372 ( +0.00)    214748364.70 (   +0.00)             0 (       0)              
##>                                  END             2630735372 ( +0.00)    214748364.70 (   +0.00)             0 (       0)           0  
##>dpopt_flatten_critical_muxes_i  START             2630735372 ( +0.00)    214748364.70 (   +0.00)             0 (       0)              
##>                                  END             2630735372 ( +0.00)    214748364.70 (   +0.00)             0 (       0)           0  
##>create_score                    START             2630735372 ( +0.00)    7627403.50 (-207120961.20)             0 (       0)              
##>                                  END             2630735372 ( +0.00)    7627403.50 (   +0.00)             0 (       0)           0  
##>+------------------------------------------------------------------------------------------------------------------------------------------------------------+
Committed config: CDN_DP_region_1_2_c6
Info    : Done implementing datapath configurations. [DPOPT-4]
        : Selected 'very_fast' configuration 6 for module 'CDN_DP_region_1_2'.
          Optimizations applied to 'very_fast' configuration:
            rewriting(0), factoring(0), sharing(0), cmultcse(0), downsizing(0), speculation(0)
Info    : Implementing datapath configurations. [DPOPT-3]
        : Implementing datapath configurations for 'CDN_DP_region_1_0'
CSAGen Prep Share:0 Re-Write:0 Speculation: 0
MaxCSA: Successfully built Maximal CSA Expression Expr2
CDN_DP_region_1_0 level = 0 loads = 0 drivers = 0
CDN_DP_region_1_0_c0 in otp_controller: area: 1245525154 ,dp = 1 mux = 1 sg = slow         worst_clk_period: -4592024818112686007544091371623043813004152832110781083474987530434548819765321140516579626654680392906110065126800729164270879694187219469955113378228855615075034128434092163310164542077600748578610244716643515416258676369934689095608681774610783372403276652660868448931282944.0000 
    wns: 0  norm_wns:  0.0000 
    fail_endp: 0 
    tns:  0  tns_per_endp:  0.0000   norm_tns_per_endp:  0.0000 
    tns_sense_max:  0.0000  tns_sense_avg:  0.0000   tns_sense_num: 0
 skipped
CDN_DP_region_1_0_c1 in otp_controller: area: 1082559246 ,dp = 1 mux = 1 sg = fast         worst_clk_period: 0.0000 
    wns: 0  norm_wns:  0.0000 
    fail_endp: 0 
    tns:  0  tns_per_endp:  0.0000   norm_tns_per_endp:  0.0000 
    tns_sense_max:  0.0000  tns_sense_avg:  0.0000   tns_sense_num: 0
 is current best
CDN_DP_region_1_0_c2 in otp_controller: area: 1082559246 ,dp = 1 mux = 1 sg = very_slow    worst_clk_period: 0.0000 
    wns: 0  norm_wns:  0.0000 
    fail_endp: 0 
    tns:  0  tns_per_endp:  0.0000   norm_tns_per_endp:  0.0000 
    tns_sense_max:  0.0000  tns_sense_avg:  0.0000   tns_sense_num: 0
 is current best
CDN_DP_region_1_0_c3 in otp_controller: area: 1082559246 ,dp = 1 mux = 1 sg = very_fast    worst_clk_period: 0.0000 
    wns: 0  norm_wns:  0.0000 
    fail_endp: 0 
    tns:  0  tns_per_endp:  0.0000   norm_tns_per_endp:  0.0000 
    tns_sense_max:  0.0000  tns_sense_avg:  0.0000   tns_sense_num: 0
 is current best
CDN_DP_region_1_0_c4 in otp_controller: area: 1082559246 ,dp = 1 mux = 1 sg = very_fast    worst_clk_period: 0.0000 
    wns: 0  norm_wns:  0.0000 
    fail_endp: 0 
    tns:  0  tns_per_endp:  0.0000   norm_tns_per_endp:  0.0000 
    tns_sense_max:  0.0000  tns_sense_avg:  0.0000   tns_sense_num: 0
 is current best
CDN_DP_region_1_0_c5 in otp_controller: area: 1082559246 ,dp = 1 mux = 1 sg = very_fast    worst_clk_period: 0.0000 
    wns: 0  norm_wns:  0.0000 
    fail_endp: 0 
    tns:  0  tns_per_endp:  0.0000   norm_tns_per_endp:  0.0000 
    tns_sense_max:  0.0000  tns_sense_avg:  0.0000   tns_sense_num: 0
 is current best
CDN_DP_region_1_0_c6 in otp_controller: area: 1082559246 ,dp = 1 mux = 1 sg = very_fast    worst_clk_period: 0.0000 
    wns: 0  norm_wns:  0.0000 
    fail_endp: 0 
    tns:  0  tns_per_endp:  0.0000   norm_tns_per_endp:  0.0000 
    tns_sense_max:  0.0000  tns_sense_avg:  0.0000   tns_sense_num: 0
 is current best
CDN_DP_region_1_0_c7 in otp_controller: area: 1082559246 ,dp = 1 mux = 1 sg = very_fast    worst_clk_period: 0.0000 
    wns: 0  norm_wns:  0.0000 
    fail_endp: 0 
    tns:  0  tns_per_endp:  0.0000   norm_tns_per_endp:  0.0000 
    tns_sense_max:  0.0000  tns_sense_avg:  0.0000   tns_sense_num: 0
 is current best
Best config: CDN_DP_region_1_0_c7 in otp_controller: area: 1082559246 ,dp = 1 mux = 1 sg = very_fast    worst_clk_period: 0.0000 
    wns: 0  norm_wns:  0.0000 
    fail_endp: 0 
    tns:  0  tns_per_endp:  0.0000   norm_tns_per_endp:  0.0000 
    tns_sense_max:  0.0000  tns_sense_avg:  0.0000   tns_sense_num: 0
  Smallest config area : 1082559246.  Fastest config wns;  0
##>+----------------------------------------------------------------------------------------------------------------------------------------------------------------+
##>Summary table of configs (Best config is CDN_DP_region_1_0_c7)
##>+----------------------------------------------------------------------------------------------------------------------------------------------------------------+
##>                     0                  1                  2                  3                  4                  5                  6                  7            
##>+----------------------------------------------------------------------------------------------------------------------------------------------------------------+
##>           Area       1245525154         1082559246         1082559246         1082559246         1082559246         1082559246         1082559246         1082559246  
##>            WNS      +7628231.10        +7628231.10        +7628231.10        +7628231.10        +7628231.10        +7628231.10        +7628231.10        +7628231.10  
##>            TNS                0                  0                  0                  0                  0                  0                  0                  0  
##>    Num Rewrite                0                  0                  0                  0                  0                  0                  0                  0  
##>     Num Factor                0                  0                  0                  0                  0                  0                  0                  0  
##>      Num Share                0                  0                  0                  0                  0                  0                  0                  0  
##>   Num CmultCse                0                  0                  0                  0                  0                  0                  0                  0  
##>   Num Downsize                0                  0                  0                  0                  0                  0                  0                  0  
##>  Num Speculate                0                  0                  0                  0                  0                  0                  0                  0  
##>     Runtime(s)                0                  0                  0                  0                  0                  0                  0                  0  
+----------------------------------------------------------------------------------------------------------------------------------------------------------------+
##>
##>
##>+------------------------------------------------------------------------------------------------------------------------------------------------------------+
##>Optimization Step DEBUG Table for config CDN_DP_region_1_0_c7
##>
##>                          Step                        Area   ( % Chg)        WNS (Change)        TNS (Change)          Runtime (s)        Comment                   
##>+------------------------------------------------------------------------------------------------------------------------------------------------------------+
##>EquationExtraction              START             1245525154 (      )    7628231.10 (        )             0 (        )              
##> rewrite                        START             1652939924 (+32.71)    7628231.10 (   +0.00)             0 (       0)              (a,ar) Expr2_from --> Expr2_to
##>                                  END             2595814106 (+57.04)    7628231.10 (   +0.00)             0 (       0)           0  
##>                                  END             1245525154 ( +0.00)    7628231.10 (   +0.00)             0 (       0)           0  
##>createMaxCarrySave              START             1245525154 ( +0.00)    7628231.10 (   +0.00)             0 (       0)              
##> datapath_rewrite_one_def       START             1245525154 ( +0.00)    7628231.10 (   +0.00)             0 (       0)              
##>                                  END             1245525154 ( +0.00)    7628231.10 (   +0.00)             0 (       0)           0  
##> csa_opto                       START             1245525154 ( +0.00)    7628231.10 (   +0.00)             0 (       0)              
##>                                  END             1210603888 ( -2.80)    7628231.10 (   +0.00)             0 (       0)           0  
##>                                  END             1210603888 ( -2.80)    7628231.10 (   +0.00)             0 (       0)           0  
##>canonicalize_by_names           START             1210603888 ( +0.00)    7628231.10 (   +0.00)             0 (       0)              
##>                                  END             1210603888 ( +0.00)    7628231.10 (   +0.00)             0 (       0)           0  
##>datapath_rewrite_post_csa_one_  START             1210603888 ( +0.00)    7628231.10 (   +0.00)             0 (       0)              
##>                                  END             1210603888 ( +0.00)    7628231.10 (   +0.00)             0 (       0)           0  
##>datapath_csa_factoring_one_gde  START             1210603888 ( +0.00)    7628231.10 (   +0.00)             0 (       0)              
##>                                  END             1210603888 ( +0.00)    7628231.10 (   +0.00)             0 (       0)           0  
##>dpopt_share_one_def             START             1210603888 ( +0.00)    7628231.10 (   +0.00)             0 (       0)              
##>                                  END             1210603888 ( +0.00)    7628231.10 (   +0.00)             0 (       0)           0  
##>datapath_rewrite_post_share     START             1210603888 ( +0.00)    7628231.10 (   +0.00)             0 (       0)              
##>                                  END             1210603888 ( +0.00)    7628231.10 (   +0.00)             0 (       0)           0  
##>dp_combine_const_mult_with_com  START             1210603888 ( +0.00)    7628231.10 (   +0.00)             0 (       0)              
##>                                  END             1210603888 ( +0.00)    7628231.10 (   +0.00)             0 (       0)           0  
##>dp_operator_level_decompositio  START             1210603888 ( +0.00)    7628231.10 (   +0.00)             0 (       0)              
##>                                  END             1210603888 ( +0.00)    7628231.10 (   +0.00)             0 (       0)           0  
##>selective_flatten_dp_config     START             1210603888 ( +0.00)    7628231.10 (   +0.00)             0 (       0)              
##>                                  END             1210603888 ( +0.00)    7628231.10 (   +0.00)             0 (       0)           0  
##>createMaxCarrySave              START             1210603888 ( +0.00)    7628231.10 (   +0.00)             0 (       0)              
##> datapath_rewrite_one_def       START             1210603888 ( +0.00)    7628231.10 (   +0.00)             0 (       0)              
##>  fast_cse_elim                 START             1210603888 ( +0.00)    7628231.10 (   +0.00)             0 (       0)              
##>                                  END             1210603888 ( +0.00)    7628231.10 (   +0.00)             0 (       0)           0  
##>  fast_cse_elim                 START             1210603888 ( +0.00)    7628231.10 (   +0.00)             0 (       0)              
##>                                  END             1210603888 ( +0.00)    7628231.10 (   +0.00)             0 (       0)           0  
##>                                  END             1210603888 ( +0.00)    7628231.10 (   +0.00)             0 (       0)           0  
##> csa_opto                       START             1210603888 ( +0.00)    7628231.10 (   +0.00)             0 (       0)              
##>                                  END             1210603888 ( +0.00)    7628231.10 (   +0.00)             0 (       0)           0  
##>                                  END             1210603888 ( +0.00)    7628231.10 (   +0.00)             0 (       0)           0  
##>context_based_simplify          START             1164042200 ( -3.85)    7628231.10 (   +0.00)             0 (       0)              
##>                                  END             1082559246 ( -7.00)    7628231.10 (   +0.00)             0 (       0)           0  
##>group_csa_final_adder_dp        START             1082559246 ( +0.00)    7628231.10 (   +0.00)             0 (       0)              
##>                                  END             1082559246 ( +0.00)    7628231.10 (   +0.00)             0 (       0)           0  
##>dpopt_flatten_critical_muxes_i  START             1082559246 ( +0.00)    7628231.10 (   +0.00)             0 (       0)              
##>                                  END             1082559246 ( +0.00)    7628231.10 (   +0.00)             0 (       0)           0  
##>create_score                    START             1082559246 ( +0.00)    7628231.10 (   +0.00)             0 (       0)              
##>                                  END             1082559246 ( +0.00)    7628231.10 (   +0.00)             0 (       0)           0  
##>+------------------------------------------------------------------------------------------------------------------------------------------------------------+
Committed config: CDN_DP_region_1_0_c7
Info    : Done implementing datapath configurations. [DPOPT-4]
        : Selected 'very_fast' configuration 7 for module 'CDN_DP_region_1_0'.
          Optimizations applied to 'very_fast' configuration:
            rewriting(0), factoring(0), sharing(0), cmultcse(0), downsizing(0), speculation(0)
Info    : Implementing datapath configurations. [DPOPT-3]
        : Implementing datapath configurations for 'CDN_DP_region_1_3'
CSAGen Prep Share:0 Re-Write:0 Speculation: 0
MaxCSA: Successfully built Maximal CSA Expression Expr3
CDN_DP_region_1_3 level = 0 loads = 0 drivers = 0
CDN_DP_region_1_3_c0 in otp_controller: area: 8055172024 ,dp = 31 mux = 0 sg = slow         worst_clk_period: 0.0000 
    wns: 0  norm_wns:  0.0000 
    fail_endp: 0 
    tns:  0  tns_per_endp:  0.0000   norm_tns_per_endp:  0.0000 
    tns_sense_max:  0.0000  tns_sense_avg:  0.0000   tns_sense_num: 0
 skipped
CDN_DP_region_1_3_c1 in otp_controller: area: 5924974798 ,dp = 31 mux = 0 sg = fast         worst_clk_period: 0.0000 
    wns: 0  norm_wns:  0.0000 
    fail_endp: 0 
    tns:  0  tns_per_endp:  0.0000   norm_tns_per_endp:  0.0000 
    tns_sense_max:  0.0000  tns_sense_avg:  0.0000   tns_sense_num: 0
 is current best
CDN_DP_region_1_3_c2 in otp_controller: area: 5924974798 ,dp = 31 mux = 0 sg = very_slow    worst_clk_period: 0.0000 
    wns: 0  norm_wns:  0.0000 
    fail_endp: 0 
    tns:  0  tns_per_endp:  0.0000   norm_tns_per_endp:  0.0000 
    tns_sense_max:  0.0000  tns_sense_avg:  0.0000   tns_sense_num: 0
 is current best
CDN_DP_region_1_3_c3 in otp_controller: area: 5924974798 ,dp = 31 mux = 0 sg = very_fast    worst_clk_period: 0.0000 
    wns: 0  norm_wns:  0.0000 
    fail_endp: 0 
    tns:  0  tns_per_endp:  0.0000   norm_tns_per_endp:  0.0000 
    tns_sense_max:  0.0000  tns_sense_avg:  0.0000   tns_sense_num: 0
 is current best
CDN_DP_region_1_3_c4 in otp_controller: area: 5924974798 ,dp = 31 mux = 0 sg = very_fast    worst_clk_period: 0.0000 
    wns: 0  norm_wns:  0.0000 
    fail_endp: 0 
    tns:  0  tns_per_endp:  0.0000   norm_tns_per_endp:  0.0000 
    tns_sense_max:  0.0000  tns_sense_avg:  0.0000   tns_sense_num: 0
 is current best
CDN_DP_region_1_3_c5 in otp_controller: area: 5924974798 ,dp = 31 mux = 0 sg = very_fast    worst_clk_period: 0.0000 
    wns: 0  norm_wns:  0.0000 
    fail_endp: 0 
    tns:  0  tns_per_endp:  0.0000   norm_tns_per_endp:  0.0000 
    tns_sense_max:  0.0000  tns_sense_avg:  0.0000   tns_sense_num: 0
 is current best
CDN_DP_region_1_3_c6 in otp_controller: area: 5924974798 ,dp = 31 mux = 0 sg = very_fast    worst_clk_period: 0.0000 
    wns: 0  norm_wns:  0.0000 
    fail_endp: 0 
    tns:  0  tns_per_endp:  0.0000   norm_tns_per_endp:  0.0000 
    tns_sense_max:  0.0000  tns_sense_avg:  0.0000   tns_sense_num: 0
 is current best
CDN_DP_region_1_3_c7 in otp_controller: area: 19253257988 ,dp = 31 mux = 0 sg = very_fast    worst_clk_period: 0.0000 
    wns: 0  norm_wns:  0.0000 
    fail_endp: 0 
    tns:  0  tns_per_endp:  0.0000   norm_tns_per_endp:  0.0000 
    tns_sense_max:  0.0000  tns_sense_avg:  0.0000   tns_sense_num: 0

Best config: CDN_DP_region_1_3_c6 in otp_controller: area: 5924974798 ,dp = 31 mux = 0 sg = very_fast    worst_clk_period: 0.0000 
    wns: 0  norm_wns:  0.0000 
    fail_endp: 0 
    tns:  0  tns_per_endp:  0.0000   norm_tns_per_endp:  0.0000 
    tns_sense_max:  0.0000  tns_sense_avg:  0.0000   tns_sense_num: 0
  Smallest config area : 5924974798.  Fastest config wns;  0
##>+----------------------------------------------------------------------------------------------------------------------------------------------------------------+
##>Summary table of configs (Best config is CDN_DP_region_1_3_c6)
##>+----------------------------------------------------------------------------------------------------------------------------------------------------------------+
##>                     0                  1                  2                  3                  4                  5                  6                  7            
##>+----------------------------------------------------------------------------------------------------------------------------------------------------------------+
##>           Area       8055172024         5924974798         5924974798         5924974798         5924974798         5924974798         5924974798        19253257988  
##>            WNS      +7627403.50        +7627403.50        +7627403.50        +7627403.50        +7627403.50        +7627403.50        +7627403.50        +7627403.50  
##>            TNS                0                  0                  0                  0                  0                  0                  0                  0  
##>    Num Rewrite                0                  0                  0                  0                  0                  0                  0                  0  
##>     Num Factor                0                  0                  0                  0                  0                  0                  0                  0  
##>      Num Share                0                  0                  0                  0                  0                  0                  0                  0  
##>   Num CmultCse                0                  0                  0                  0                  0                  0                  0                  0  
##>   Num Downsize                0                  0                  0                  0                  0                  0                  0                  0  
##>  Num Speculate                0                  0                  0                  0                  0                  0                  0                  0  
##>     Runtime(s)                0                  0                  0                  0                  0                  0                  0                  2  
+----------------------------------------------------------------------------------------------------------------------------------------------------------------+
##>
##>
##>+------------------------------------------------------------------------------------------------------------------------------------------------------------+
##>Optimization Step DEBUG Table for config CDN_DP_region_1_3_c6
##>
##>                          Step                        Area   ( % Chg)        WNS (Change)        TNS (Change)          Runtime (s)        Comment                   
##>+------------------------------------------------------------------------------------------------------------------------------------------------------------+
##>createMaxCarrySave              START             8055172024 (      )    115001585.90 (        )             0 (        )              
##> datapath_rewrite_one_def       START             8055172024 ( +0.00)    115001585.90 (   +0.00)             0 (       0)              
##>  fast_cse_elim                 START             8055172024 ( +0.00)    115001585.90 (   +0.00)             0 (       0)              
##>                                  END             8055172024 ( +0.00)    115001585.90 (   +0.00)             0 (       0)           0  
##>  fast_cse_elim                 START             8055172024 ( +0.00)    115001585.90 (   +0.00)             0 (       0)              
##>                                  END             8055172024 ( +0.00)    115001585.90 (   +0.00)             0 (       0)           0  
##>                                  END             8055172024 ( +0.00)    115001585.90 (   +0.00)             0 (       0)           0  
##> dpopt_share_one_def            START             8055172024 ( +0.00)    115001585.90 (   +0.00)             0 (       0)              
##>                                  END             8055172024 ( +0.00)    115001585.90 (   +0.00)             0 (       0)           0  
##> csa_opto                       START             8055172024 ( +0.00)    214748364.70 (+99746778.80)             0 (       0)              
##>                                  END             8055172024 ( +0.00)    214748364.70 (   +0.00)             0 (       0)           0  
##>                                  END             8055172024 ( +0.00)    214748364.70 (+99746778.80)             0 (       0)           0  
##>canonicalize_by_names           START             8055172024 ( +0.00)    214748364.70 (   +0.00)             0 (       0)              
##>                                  END             8055172024 ( +0.00)    214748364.70 (   +0.00)             0 (       0)           0  
##>datapath_rewrite_post_csa_one_  START             8055172024 ( +0.00)    214748364.70 (   +0.00)             0 (       0)              
##>                                  END             8055172024 ( +0.00)    214748364.70 (   +0.00)             0 (       0)           0  
##>datapath_csa_factoring_one_gde  START             8055172024 ( +0.00)    214748364.70 (   +0.00)             0 (       0)              
##>                                  END             8055172024 ( +0.00)    214748364.70 (   +0.00)             0 (       0)           0  
##>dpopt_share_one_def             START             8055172024 ( +0.00)    214748364.70 (   +0.00)             0 (       0)              
##>                                  END             8055172024 ( +0.00)    214748364.70 (   +0.00)             0 (       0)           0  
##>datapath_rewrite_post_share     START             8055172024 ( +0.00)    214748364.70 (   +0.00)             0 (       0)              
##>                                  END             8055172024 ( +0.00)    214748364.70 (   +0.00)             0 (       0)           0  
##>dp_combine_const_mult_with_com  START             8055172024 ( +0.00)    214748364.70 (   +0.00)             0 (       0)              
##>                                  END             8055172024 ( +0.00)    214748364.70 (   +0.00)             0 (       0)           0  
##>dp_operator_level_decompositio  START             8055172024 ( +0.00)    214748364.70 (   +0.00)             0 (       0)              
##>                                  END             8055172024 ( +0.00)    214748364.70 (   +0.00)             0 (       0)           0  
##>selective_flatten_dp_config     START             8055172024 ( +0.00)    214748364.70 (   +0.00)             0 (       0)              
##>                                  END             8055172024 ( +0.00)    214748364.70 (   +0.00)             0 (       0)           0  
##>createMaxCarrySave              START             8055172024 ( +0.00)    214748364.70 (   +0.00)             0 (       0)              
##> datapath_rewrite_one_def       START             8055172024 ( +0.00)    214748364.70 (   +0.00)             0 (       0)              
##>  fast_cse_elim                 START             8055172024 ( +0.00)    214748364.70 (   +0.00)             0 (       0)              
##>                                  END             8055172024 ( +0.00)    214748364.70 (   +0.00)             0 (       0)           0  
##>  fast_cse_elim                 START             8055172024 ( +0.00)    214748364.70 (   +0.00)             0 (       0)              
##>                                  END             8055172024 ( +0.00)    214748364.70 (   +0.00)             0 (       0)           0  
##>                                  END             8055172024 ( +0.00)    214748364.70 (   +0.00)             0 (       0)           0  
##> dpopt_share_one_def            START             8055172024 ( +0.00)    214748364.70 (   +0.00)             0 (       0)              
##>                                  END             8055172024 ( +0.00)    214748364.70 (   +0.00)             0 (       0)           0  
##> csa_opto                       START             8055172024 ( +0.00)    214748364.70 (   +0.00)             0 (       0)              
##>                                  END             8055172024 ( +0.00)    214748364.70 (   +0.00)             0 (       0)           0  
##>                                  END             8055172024 ( +0.00)    214748364.70 (   +0.00)             0 (       0)           0  
##>context_based_simplify          START             8055172024 ( +0.00)    214748364.70 (   +0.00)             0 (       0)              
##>                                  END             5924974798 (-26.45)    214748364.70 (   +0.00)             0 (       0)           0  
##>group_csa_final_adder_dp        START             5924974798 ( +0.00)    214748364.70 (   +0.00)             0 (       0)              
##>                                  END             5924974798 ( +0.00)    214748364.70 (   +0.00)             0 (       0)           0  
##>dpopt_flatten_critical_muxes_i  START             5924974798 ( +0.00)    214748364.70 (   +0.00)             0 (       0)              
##>                                  END             5924974798 ( +0.00)    214748364.70 (   +0.00)             0 (       0)           0  
##>create_score                    START             5924974798 ( +0.00)    7627403.50 (-207120961.20)             0 (       0)              
##>                                  END             5924974798 ( +0.00)    7627403.50 (   +0.00)             0 (       0)           0  
##>+------------------------------------------------------------------------------------------------------------------------------------------------------------+
Committed config: CDN_DP_region_1_3_c6
Info    : Done implementing datapath configurations. [DPOPT-4]
        : Selected 'very_fast' configuration 6 for module 'CDN_DP_region_1_3'.
          Optimizations applied to 'very_fast' configuration:
            rewriting(0), factoring(0), sharing(0), cmultcse(0), downsizing(0), speculation(0)
Info    : Done optimizing datapath logic. [DPOPT-2]
        : Done optimizing datapath logic in 'otp_controller'.
Number of big hc bmuxes after = 0
Starting logic reduction [v1.0] (stage: post_rtlopt, startdef: otp_controller, recur: true)
Completed logic reduction (accepts: 0, rejects: 0, runtime: 0.000s)
Starting mux data reorder optimization [v1.0] (stage: post_rtlopt, startdef: otp_controller, recur: true)
Completed mux data reorder optimization (accepts: 0, rejects: 0, runtime: 0.031s)
Starting mux speculation [v1.0] (stage: post_muxopt, startdef: otp_controller, recur: true)
Starting speculation optimization
Completed speculation optimization (accepts:0)
Completed mux speculation (accepts: 0, rejects: 0, runtime: 0.127s)
==================================
Stage : to_generic 
==================================
  =================
   Message Summary
  =================
-----------------------------------------------------------------------------------------------------------------------------
|     Id     |  Sev   |Count |                                        Message Text                                          |
-----------------------------------------------------------------------------------------------------------------------------
| CDFG-479   |Info    |    1 |Constant relational expression.                                                               |
|            |        |      |A relational expression can evaluate to a constant when a variable is compared to a value     |
|            |        |      | which is outside the bounds of the variable.                                                 |
| CDFG-738   |Info    |   20 |Common subexpression eliminated.                                                              |
| CDFG-739   |Info    |   20 |Common subexpression kept.                                                                    |
| CDFG-769   |Info    |    1 |Identified sum-of-products logic to be optimized during syn_generic.                          |
| CWD-19     |Info    |  161 |An implementation was inferred.                                                               |
| DPOPT-1    |Info    |    1 |Optimizing datapath logic.                                                                    |
| DPOPT-2    |Info    |    1 |Done optimizing datapath logic.                                                               |
| DPOPT-3    |Info    |    4 |Implementing datapath configurations.                                                         |
| DPOPT-4    |Info    |    4 |Done implementing datapath configurations.                                                    |
| DPOPT-6    |Info    |    1 |Pre-processed datapath logic.                                                                 |
| DPOPT-10   |Info    |    1 |Optimized a mux chain.                                                                        |
| ELAB-1     |Info    |    1 |Elaborating Design.                                                                           |
| ELAB-2     |Info    |    1 |Elaborating Subdesign.                                                                        |
| ELAB-3     |Info    |    1 |Done Elaborating Design.                                                                      |
| GB-6       |Info    |   74 |A datapath component has been ungrouped.                                                      |
| GLO-34     |Info    |    1 |Deleting instances not driving any primary outputs.                                           |
|            |        |      |Optimizations such as constant propagation or redundancy removal could change the connections |
|            |        |      | so a hierarchical instance does not drive any primary outputs anymore. To see the list of    |
|            |        |      | deleted hierarchical instances, set the 'information_level' attribute to 2 or above. If the  |
|            |        |      | message is truncated set the message attribute 'truncate' to false to see the complete list. |
|            |        |      | To prevent this optimization, set the 'delete_unloaded_insts' root/subdesign attribute to    |
|            |        |      | 'false' or 'preserve' instance attribute to 'true'.                                          |
| LBR-30     |Info    |  144 |Promoting a setup arc to recovery.                                                            |
|            |        |      |Setup arcs to asynchronous input pins are not supported.                                      |
| LBR-31     |Info    |  160 |Promoting a hold arc to removal.                                                              |
|            |        |      |Hold arcs to asynchronous input pins are not supported.                                       |
| LBR-40     |Info    |    1 |An unsupported construct was detected in this library.                                        |
|            |        |      |Check to see if this construct is really needed for synthesis. Many liberty constructs are    |
|            |        |      | not actually required.                                                                       |
| LBR-41     |Info    |    1 |An output library pin lacks a function attribute.                                             |
|            |        |      |If the remainder of this library cell's semantic checks are successful, it will be considered |
|            |        |      | as a timing-model (because one of its outputs does not have a valid function.                |
| LBR-155    |Info    |    7 |Mismatch in unateness between 'timing_sense' attribute and the function.                      |
|            |        |      |The 'timing_sense' attribute will be respected.                                               |
| LBR-162    |Info    |  154 |Both 'pos_unate' and 'neg_unate' timing_sense arcs have been processed.                       |
|            |        |      |Setting the 'timing_sense' to non_unate.                                                      |
| LBR-412    |Info    |    1 |Created nominal operating condition.                                                          |
|            |        |      |The nominal operating condition is represented, either by the nominal PVT values specified in |
|            |        |      | the library source (via nom_process,nom_voltage and nom_temperature respectively)            |
|            |        |      | , or by the default PVT values (1.0,1.0,1.0).                                                |
| LBR-518    |Info    |    1 |Missing a function attribute in the output pin definition.                                    |
| LBR-525    |Warning |    8 |Missing clock pin in the sequential cell.                                                     |
|            |        |      |Sequential timing checks, such as 'setup_rising' or 'hold_rising', on flop and latch cells    |
|            |        |      | require a clock pin. Verify that the 'clock' attribute of the clock pin is set to 'true' or  |
|            |        |      | that the clock pin has a 'clocked_on' attribute.                                             |
| PHYS-752   |Info    |    1 |Partition Based Synthesis execution skipped.                                                  |
| SYNTH-1    |Info    |    1 |Synthesizing.                                                                                 |
| TIM-1000   |Info    |    1 |Multimode clock gating check is disabled.                                                     |
| VLOGPT-650 |Warning |    2 |Cannot open file.                                                                             |
|            |        |      |The specified file could not be opened.  Check the value of the init_hdl_search_path          |
|            |        |      | attribute.                                                                                   |
-----------------------------------------------------------------------------------------------------------------------------
Mapper: Libraries have:
	domain _default_: 278 combo usable cells and 172 sequential usable cells
Multi-threaded constant propagation [1|0] ...
Info    : Deleting instances not driving any primary outputs. [GLO-34]
        : Deleting 3 sequential instances.
Multi-threaded Virtual Mapping    (8 threads per ST process, 8 of 16 CPUs usable)
Warning : The database contains a field that the reader does not support. [DATABASE-103]
        : Unsupported data skipped.
Warning : The database contains a field that the reader does not support. [DATABASE-103]
        : Unsupported data skipped.
Warning : The database contains a field that the reader does not support. [DATABASE-103]
        : Unsupported data skipped.
Warning : The database contains a field that the reader does not support. [DATABASE-103]
        : Unsupported data skipped.
==================================
Stage : first_condense 
==================================
  =================
   Message Summary
  =================
-----------------------------------------------------------------------------------------------------------------------------
|      Id      |  Sev   |Count |                                       Message Text                                         |
-----------------------------------------------------------------------------------------------------------------------------
| DATABASE-103 |Warning |    4 |The database contains a field that the reader does not support.                             |
| GB-6         |Info    |    1 |A datapath component has been ungrouped.                                                    |
| GLO-34       |Info    |    1 |Deleting instances not driving any primary outputs.                                         |
|              |        |      |Optimizations such as constant propagation or redundancy removal could change the           |
|              |        |      | connections so a hierarchical instance does not drive any primary outputs anymore. To see  |
|              |        |      | the list of deleted hierarchical instances, set the 'information_level' attribute to 2 or  |
|              |        |      | above. If the message is truncated set the message attribute 'truncate' to false to see    |
|              |        |      | the complete list. To prevent this optimization, set the 'delete_unloaded_insts'           |
|              |        |      | root/subdesign attribute to 'false' or 'preserve' instance attribute to 'true'.            |
| GLO-42       |Info    |    3 |Equivalent sequential instances have been merged.                                           |
|              |        |      |To prevent merging of sequential instances, set the 'optimize_merge_flops' and              |
|              |        |      | 'optimize_merge_latches' root attributes to 'false' or the 'optimize_merge_seq' instance   |
|              |        |      | attribute to 'false'.                                                                      |
-----------------------------------------------------------------------------------------------------------------------------
 
Global mapping target info
==========================
Cost Group 'clk' target slack: 5481903 ps
Target path end-point (Pin: addr_reg[7]/d)


State Retention Synthesis Status
================================

Category                        Flops   Percentage
--------------------------------------------------
Total instances                   476        100.0
Excluded from State Retention     476        100.0
    - Will not convert            476        100.0
      - Preserved                   0          0.0
      - Power intent excluded     476        100.0
    - Could not convert             0          0.0
      - Scan type                   0          0.0
      - No suitable cell            0          0.0
State Retention instances           0          0.0
--------------------------------------------------

PBS_Generic_Opt-Post - Elapsed_Time 26, CPU_Time 27.550076999999998
stamp 'PBS_Generic_Opt-Post' being created for table 'pbs_debug'

  Total Time (Wall) |  Stage Time (Wall)  |   % (Wall)   |    Date - Time     |  Memory   | Stage
--------------------+---------------------+--------------+--------------------+-----------+----------------------
 00:00:24(00:00:44) |  00:00:00(00:00:00) |   0.0(  0.0) |   14:25:34 (Aug11) |  354.4 MB | PBS_Generic-Start
--------------------+---------------------+--------------+--------------------+-----------+----------------------
 00:00:52(00:01:10) |  00:00:27(00:00:26) | 100.0(100.0) |   14:26:00 (Aug11) |  641.6 MB | PBS_Generic_Opt-Post
--------------------+---------------------+--------------+--------------------+-----------+----------------------
Number of threads: 8 * 1   (id: pbs_debug, time_info v1.57)
Info: (*N*) indicates data that was populated from previously saved time_info database
Info: CPU time includes time of parent + longest thread
PBS_Generic-Postgen HBO Optimizations - Elapsed_Time 0, CPU_Time 0.0
stamp 'PBS_Generic-Postgen HBO Optimizations' being created for table 'pbs_debug'

  Total Time (Wall) |  Stage Time (Wall)  |   % (Wall)   |    Date - Time     |  Memory   | Stage
--------------------+---------------------+--------------+--------------------+-----------+----------------------
 00:00:24(00:00:44) |  00:00:00(00:00:00) |   0.0(  0.0) |   14:25:34 (Aug11) |  354.4 MB | PBS_Generic-Start
--------------------+---------------------+--------------+--------------------+-----------+----------------------
 00:00:52(00:01:10) |  00:00:27(00:00:26) | 100.0(100.0) |   14:26:00 (Aug11) |  641.6 MB | PBS_Generic_Opt-Post
--------------------+---------------------+--------------+--------------------+-----------+----------------------
 00:00:52(00:01:10) |  00:00:00(00:00:00) |   0.0(  0.0) |   14:26:00 (Aug11) |  641.6 MB | PBS_Generic-Postgen HBO Optimizations
--------------------+---------------------+--------------+--------------------+-----------+----------------------
Number of threads: 8 * 1   (id: pbs_debug, time_info v1.57)
Info: (*N*) indicates data that was populated from previously saved time_info database
Info: CPU time includes time of parent + longest thread
##>=================== Cadence Confidential (Generic-Logical) ===================
##>=================== Cadence Confidential (Generic-Logical) ===================
##>Main Thread Summary:
##>----------------------------------------------------------------------------------------
##>STEP                           Elapsed       WNS       TNS     Insts      Area    Memory
##>----------------------------------------------------------------------------------------
##>G:Initial                            1         -         -      5091    161033       354
##>G:Setup                              0         -         -         -         -         -
##>G:Launch ST                          0         -         -         -         -         -
##>G:Design Partition                   0         -         -         -         -         -
##>G:Create Partition Netlists          0         -         -         -         -         -
##>G:Init Power                         0         -         -         -         -         -
##>G:Budgeting                          0         -         -         -         -         -
##>G:Derenv-DB                          0         -         -         -         -         -
##>G:Debug Outputs                      0         -         -         -         -         -
##>G:ST loading                         0         -         -         -         -         -
##>G:Distributed                        0         -         -         -         -         -
##>G:Timer                              0         -         -         -         -         -
##>G:Assembly                           0         -         -         -         -         -
##>G:DFT                                0         -         -         -         -         -
##>G:Const Prop                         0         -         -      3123    100363       641
##>G:Misc                              26
##>----------------------------------------------------------------------------------------
##>Total Elapsed                       27
##>========================================================================================
Info    : Done synthesizing. [SYNTH-2]
        : Done synthesizing 'otp_controller' to generic gates.
      flow.cputime  flow.realtime  timing.setup.tns  timing.setup.wns  snapshot
UM:*                                                                   syn_gen
@file(syn_scr.tcl) 94: syn_map 
##Generic Timing Info for library domain: _default_ typical gate delay: 108.7 ps std_slew: 33.0 ps std_load: 9.9 fF
Info    : Mapping. [SYNTH-4]
        : Mapping 'otp_controller' using 'high' effort.
Mapper: Libraries have:
	domain _default_: 278 combo usable cells and 172 sequential usable cells
Configuring mapper costing (none)
TNS Restructuring config: no_value at stage: map applied.
PBS_TechMap-Start - Elapsed_Time 0, CPU_Time 0.0
stamp 'PBS_TechMap-Start' being created for table 'pbs_debug'

  Total Time (Wall) |  Stage Time (Wall)  |   % (Wall)   |    Date - Time     |  Memory   | Stage
--------------------+---------------------+--------------+--------------------+-----------+----------------------
 00:00:24(00:00:44) |  00:00:00(00:00:00) |   0.0(  0.0) |   14:25:34 (Aug11) |  354.4 MB | PBS_Generic-Start
--------------------+---------------------+--------------+--------------------+-----------+----------------------
 00:00:52(00:01:10) |  00:00:27(00:00:26) | 100.0(100.0) |   14:26:00 (Aug11) |  641.6 MB | PBS_Generic_Opt-Post
--------------------+---------------------+--------------+--------------------+-----------+----------------------
 00:00:52(00:01:10) |  00:00:00(00:00:00) |   0.0(  0.0) |   14:26:00 (Aug11) |  641.6 MB | PBS_Generic-Postgen HBO Optimizations
--------------------+---------------------+--------------+--------------------+-----------+----------------------
 00:00:52(00:01:10) |  00:00:00(00:00:00) |   0.0(  0.0) |   14:26:00 (Aug11) |  641.6 MB | PBS_TechMap-Start
--------------------+---------------------+--------------+--------------------+-----------+----------------------
Number of threads: 8 * 1   (id: pbs_debug, time_info v1.57)
Info: (*N*) indicates data that was populated from previously saved time_info database
Info: CPU time includes time of parent + longest thread
PBS_TechMap-Premap HBO Optimizations - Elapsed_Time 0, CPU_Time 0.0
stamp 'PBS_TechMap-Premap HBO Optimizations' being created for table 'pbs_debug'

  Total Time (Wall) |  Stage Time (Wall)  |   % (Wall)   |    Date - Time     |  Memory   | Stage
--------------------+---------------------+--------------+--------------------+-----------+----------------------
 00:00:24(00:00:44) |  00:00:00(00:00:00) |   0.0(  0.0) |   14:25:34 (Aug11) |  354.4 MB | PBS_Generic-Start
--------------------+---------------------+--------------+--------------------+-----------+----------------------
 00:00:52(00:01:10) |  00:00:27(00:00:26) | 100.0(100.0) |   14:26:00 (Aug11) |  641.6 MB | PBS_Generic_Opt-Post
--------------------+---------------------+--------------+--------------------+-----------+----------------------
 00:00:52(00:01:10) |  00:00:00(00:00:00) |   0.0(  0.0) |   14:26:00 (Aug11) |  641.6 MB | PBS_Generic-Postgen HBO Optimizations
--------------------+---------------------+--------------+--------------------+-----------+----------------------
 00:00:52(00:01:10) |  00:00:00(00:00:00) |   0.0(  0.0) |   14:26:00 (Aug11) |  641.6 MB | PBS_TechMap-Start
--------------------+---------------------+--------------+--------------------+-----------+----------------------
 00:00:52(00:01:10) |  00:00:00(00:00:00) |   0.0(  0.0) |   14:26:00 (Aug11) |  641.6 MB | PBS_TechMap-Premap HBO Optimizations
--------------------+---------------------+--------------+--------------------+-----------+----------------------
Number of threads: 8 * 1   (id: pbs_debug, time_info v1.57)
Info: (*N*) indicates data that was populated from previously saved time_info database
Info: CPU time includes time of parent + longest thread
Info    : Partition Based Synthesis execution skipped. [PHYS-752]
        : Design size is less than the partition size '100000' for distributed mapping optimization to kick in.
Mapper: Libraries have:
	domain _default_: 278 combo usable cells and 172 sequential usable cells
Multi-threaded Virtual Mapping    (8 threads per ST process, 8 of 16 CPUs usable)
Warning : The database contains a field that the reader does not support. [DATABASE-103]
        : Unsupported data skipped.
Warning : The database contains a field that the reader does not support. [DATABASE-103]
        : Unsupported data skipped.
 
Global mapping target info
==========================
Cost Group 'clk' target slack: 5481903 ps
Target path end-point (Pin: addr_reg[7]/d)

Multi-threaded Technology Mapping (8 threads per ST process, 8 of 16 CPUs usable)
Warning : The database contains a field that the reader does not support. [DATABASE-103]
        : Unsupported data skipped.
Warning : The database contains a field that the reader does not support. [DATABASE-103]
        : Unsupported data skipped.
 
Global mapping status
=====================
                                   Group   
                                  Tot Wrst 
                           Total  Weighted 
Operation                   Area   Slacks  
 global_map                52564        0 

    Cost Group            Target    Slack    Diff.  Constr.
-----------------------------------------------------------
           clk           5481903  7626897           7629390 

 
Global incremental target info
==============================
Cost Group 'clk' target slack: 5481902 ps
Target path end-point (Pin: ratio_p0_reg[19]/D (DFFRHQX1/D))

Warning : The database contains a field that the reader does not support. [DATABASE-103]
        : Unsupported data skipped.
Warning : The database contains a field that the reader does not support. [DATABASE-103]
        : Unsupported data skipped.
==================================
Stage : global_incr_map 
==================================
  =================
   Message Summary
  =================
-------------------------------------------------------------------------------------------------
|      Id      |  Sev   |Count |                         Message Text                           |
-------------------------------------------------------------------------------------------------
| DATABASE-103 |Warning |    6 |The database contains a field that the reader does not support. |
| PA-7         |Info    |    6 |Resetting power analysis results.                               |
|              |        |      |All computed switching activities are removed.                  |
| PHYS-752     |Info    |    1 |Partition Based Synthesis execution skipped.                    |
| SYNTH-2      |Info    |    1 |Done synthesizing.                                              |
| SYNTH-4      |Info    |    1 |Mapping.                                                        |
-------------------------------------------------------------------------------------------------
 
Global incremental optimization status
======================================
                                   Group   
                                  Tot Wrst 
                           Total  Weighted 
Operation                   Area   Slacks  
 global_incr               51895        0 

    Cost Group            Target    Slack    Diff.  Constr.
-----------------------------------------------------------
           clk           5481902  7626687           7629390 


State Retention Synthesis Status
================================

Category                        Flops   Percentage
--------------------------------------------------
Total instances                   476        100.0
Excluded from State Retention     476        100.0
    - Will not convert            476        100.0
      - Preserved                   0          0.0
      - Power intent excluded     476        100.0
    - Could not convert             0          0.0
      - Scan type                   0          0.0
      - No suitable cell            0          0.0
State Retention instances           0          0.0
--------------------------------------------------

INFO: skipping constant propagation
PBS_Techmap-Global Mapping - Elapsed_Time 14, CPU_Time 13.771570000000004
stamp 'PBS_Techmap-Global Mapping' being created for table 'pbs_debug'

  Total Time (Wall) |  Stage Time (Wall)  |   % (Wall)   |    Date - Time     |  Memory   | Stage
--------------------+---------------------+--------------+--------------------+-----------+----------------------
 00:00:24(00:00:44) |  00:00:00(00:00:00) |   0.0(  0.0) |   14:25:34 (Aug11) |  354.4 MB | PBS_Generic-Start
--------------------+---------------------+--------------+--------------------+-----------+----------------------
 00:00:52(00:01:10) |  00:00:27(00:00:26) |  66.7( 65.0) |   14:26:00 (Aug11) |  641.6 MB | PBS_Generic_Opt-Post
--------------------+---------------------+--------------+--------------------+-----------+----------------------
 00:00:52(00:01:10) |  00:00:00(00:00:00) |   0.0(  0.0) |   14:26:00 (Aug11) |  641.6 MB | PBS_Generic-Postgen HBO Optimizations
--------------------+---------------------+--------------+--------------------+-----------+----------------------
 00:00:52(00:01:10) |  00:00:00(00:00:00) |   0.0(  0.0) |   14:26:00 (Aug11) |  641.6 MB | PBS_TechMap-Start
--------------------+---------------------+--------------+--------------------+-----------+----------------------
 00:00:52(00:01:10) |  00:00:00(00:00:00) |   0.0(  0.0) |   14:26:00 (Aug11) |  641.6 MB | PBS_TechMap-Premap HBO Optimizations
--------------------+---------------------+--------------+--------------------+-----------+----------------------
 00:01:06(00:01:24) |  00:00:13(00:00:14) |  33.3( 35.0) |   14:26:14 (Aug11) |  634.7 MB | PBS_Techmap-Global Mapping
--------------------+---------------------+--------------+--------------------+-----------+----------------------
Number of threads: 8 * 1   (id: pbs_debug, time_info v1.57)
Info: (*N*) indicates data that was populated from previously saved time_info database
Info: CPU time includes time of parent + longest thread
Warning : Command 'commit_power_intent' cannot proceed as there is no power intent loaded. [CPI-506]
        : Command 'commit_power_intent' requires a valid power_intent to be loaded.
Info    : Forcing flat compare. [CFM-212]
        : The design hierarchies are too small to qualify for hierarchical comparison. Set the attribute wlec_hier_comp_threshold accordingly for hier compare
Info    : Wrote formal verification information. [CFM-5]
        : Wrote 'fv/otp_controller/fv_map.fv.json' for netlist 'fv/otp_controller/fv_map.v.gz'.
Info    : Wrote dofile. [CFM-1]
        : Dofile is 'fv/otp_controller/rtl_to_fv_map.do'.
        : Alias mapping flow is enabled.
PBS_TechMap-Datapath Postmap Operations - Elapsed_Time 1, CPU_Time 2.0
stamp 'PBS_TechMap-Datapath Postmap Operations' being created for table 'pbs_debug'

  Total Time (Wall) |  Stage Time (Wall)  |   % (Wall)   |    Date - Time     |  Memory   | Stage
--------------------+---------------------+--------------+--------------------+-----------+----------------------
 00:00:24(00:00:44) |  00:00:00(00:00:00) |   0.0(  0.0) |   14:25:34 (Aug11) |  354.4 MB | PBS_Generic-Start
--------------------+---------------------+--------------+--------------------+-----------+----------------------
 00:00:52(00:01:10) |  00:00:27(00:00:26) |  63.6( 63.4) |   14:26:00 (Aug11) |  641.6 MB | PBS_Generic_Opt-Post
--------------------+---------------------+--------------+--------------------+-----------+----------------------
 00:00:52(00:01:10) |  00:00:00(00:00:00) |   0.0(  0.0) |   14:26:00 (Aug11) |  641.6 MB | PBS_Generic-Postgen HBO Optimizations
--------------------+---------------------+--------------+--------------------+-----------+----------------------
 00:00:52(00:01:10) |  00:00:00(00:00:00) |   0.0(  0.0) |   14:26:00 (Aug11) |  641.6 MB | PBS_TechMap-Start
--------------------+---------------------+--------------+--------------------+-----------+----------------------
 00:00:52(00:01:10) |  00:00:00(00:00:00) |   0.0(  0.0) |   14:26:00 (Aug11) |  641.6 MB | PBS_TechMap-Premap HBO Optimizations
--------------------+---------------------+--------------+--------------------+-----------+----------------------
 00:01:06(00:01:24) |  00:00:13(00:00:14) |  31.8( 34.1) |   14:26:14 (Aug11) |  634.7 MB | PBS_Techmap-Global Mapping
--------------------+---------------------+--------------+--------------------+-----------+----------------------
 00:01:08(00:01:25) |  00:00:02(00:00:01) |   4.6(  2.4) |   14:26:15 (Aug11) |  634.7 MB | PBS_TechMap-Datapath Postmap Operations
--------------------+---------------------+--------------+--------------------+-----------+----------------------
Number of threads: 8 * 1   (id: pbs_debug, time_info v1.57)
Info: (*N*) indicates data that was populated from previously saved time_info database
Info: CPU time includes time of parent + longest thread
PBS_TechMap-Postmap HBO Optimizations - Elapsed_Time 1, CPU_Time -0.05434400000000039
stamp 'PBS_TechMap-Postmap HBO Optimizations' being created for table 'pbs_debug'

  Total Time (Wall) |  Stage Time (Wall)  |   % (Wall)   |    Date - Time     |  Memory   | Stage
--------------------+---------------------+--------------+--------------------+-----------+----------------------
 00:00:24(00:00:44) |  00:00:00(00:00:00) |   0.0(  0.0) |   14:25:34 (Aug11) |  354.4 MB | PBS_Generic-Start
--------------------+---------------------+--------------+--------------------+-----------+----------------------
 00:00:52(00:01:10) |  00:00:27(00:00:26) |  63.7( 61.9) |   14:26:00 (Aug11) |  641.6 MB | PBS_Generic_Opt-Post
--------------------+---------------------+--------------+--------------------+-----------+----------------------
 00:00:52(00:01:10) |  00:00:00(00:00:00) |   0.0(  0.0) |   14:26:00 (Aug11) |  641.6 MB | PBS_Generic-Postgen HBO Optimizations
--------------------+---------------------+--------------+--------------------+-----------+----------------------
 00:00:52(00:01:10) |  00:00:00(00:00:00) |   0.0(  0.0) |   14:26:00 (Aug11) |  641.6 MB | PBS_TechMap-Start
--------------------+---------------------+--------------+--------------------+-----------+----------------------
 00:00:52(00:01:10) |  00:00:00(00:00:00) |   0.0(  0.0) |   14:26:00 (Aug11) |  641.6 MB | PBS_TechMap-Premap HBO Optimizations
--------------------+---------------------+--------------+--------------------+-----------+----------------------
 00:01:06(00:01:24) |  00:00:13(00:00:14) |  31.8( 33.3) |   14:26:14 (Aug11) |  634.7 MB | PBS_Techmap-Global Mapping
--------------------+---------------------+--------------+--------------------+-----------+----------------------
 00:01:08(00:01:25) |  00:00:02(00:00:01) |   4.6(  2.4) |   14:26:15 (Aug11) |  634.7 MB | PBS_TechMap-Datapath Postmap Operations
--------------------+---------------------+--------------+--------------------+-----------+----------------------
 00:01:08(00:01:26) |  00:00:00(00:00:01) |  -0.1(  2.4) |   14:26:16 (Aug11) |  634.7 MB | PBS_TechMap-Postmap HBO Optimizations
--------------------+---------------------+--------------+--------------------+-----------+----------------------
Number of threads: 8 * 1   (id: pbs_debug, time_info v1.57)
Info: (*N*) indicates data that was populated from previously saved time_info database
Info: CPU time includes time of parent + longest thread
 Doing ConstProp on design:otp_controller ... 

IOPT-REDREM: Performing redundancy removal: Detected 0 redundant wires. CPU time 0.108 seconds.

PBS_TechMap-Postmap Clock Gating - Elapsed_Time 0, CPU_Time 0.0
stamp 'PBS_TechMap-Postmap Clock Gating' being created for table 'pbs_debug'

  Total Time (Wall) |  Stage Time (Wall)  |   % (Wall)   |    Date - Time     |  Memory   | Stage
--------------------+---------------------+--------------+--------------------+-----------+----------------------
 00:00:24(00:00:44) |  00:00:00(00:00:00) |   0.0(  0.0) |   14:25:34 (Aug11) |  354.4 MB | PBS_Generic-Start
--------------------+---------------------+--------------+--------------------+-----------+----------------------
 00:00:52(00:01:10) |  00:00:27(00:00:26) |  63.7( 61.9) |   14:26:00 (Aug11) |  641.6 MB | PBS_Generic_Opt-Post
--------------------+---------------------+--------------+--------------------+-----------+----------------------
 00:00:52(00:01:10) |  00:00:00(00:00:00) |   0.0(  0.0) |   14:26:00 (Aug11) |  641.6 MB | PBS_Generic-Postgen HBO Optimizations
--------------------+---------------------+--------------+--------------------+-----------+----------------------
 00:00:52(00:01:10) |  00:00:00(00:00:00) |   0.0(  0.0) |   14:26:00 (Aug11) |  641.6 MB | PBS_TechMap-Start
--------------------+---------------------+--------------+--------------------+-----------+----------------------
 00:00:52(00:01:10) |  00:00:00(00:00:00) |   0.0(  0.0) |   14:26:00 (Aug11) |  641.6 MB | PBS_TechMap-Premap HBO Optimizations
--------------------+---------------------+--------------+--------------------+-----------+----------------------
 00:01:06(00:01:24) |  00:00:13(00:00:14) |  31.8( 33.3) |   14:26:14 (Aug11) |  634.7 MB | PBS_Techmap-Global Mapping
--------------------+---------------------+--------------+--------------------+-----------+----------------------
 00:01:08(00:01:25) |  00:00:02(00:00:01) |   4.6(  2.4) |   14:26:15 (Aug11) |  634.7 MB | PBS_TechMap-Datapath Postmap Operations
--------------------+---------------------+--------------+--------------------+-----------+----------------------
 00:01:08(00:01:26) |  00:00:00(00:00:01) |  -0.1(  2.4) |   14:26:16 (Aug11) |  634.7 MB | PBS_TechMap-Postmap HBO Optimizations
--------------------+---------------------+--------------+--------------------+-----------+----------------------
 00:01:08(00:01:26) |  00:00:00(00:00:00) |   0.0(  0.0) |   14:26:16 (Aug11) |  634.7 MB | PBS_TechMap-Postmap Clock Gating
--------------------+---------------------+--------------+--------------------+-----------+----------------------
Number of threads: 8 * 1   (id: pbs_debug, time_info v1.57)
Info: (*N*) indicates data that was populated from previously saved time_info database
Info: CPU time includes time of parent + longest thread
-------------------------------------------------------------------------------
 hi_fo_buf                 51895        0         0         0        0

           Trick     Calls     Accepts   Attempts    Time(secs) 
-----------------------------------------------------------
       hi_fo_buf         0  (        0 /        0 )  0.00

 
Incremental optimization status
===============================
                                   Group   
                                  Tot Wrst     Total - - DRC Totals - -
                           Total  Weighted      Neg      Max       Max 
Operation                   Area   Slacks      Slack    Trans      Cap 
 init_delay                51895        0         0         0        0

           Trick     Calls     Accepts   Attempts    Time(secs) 
-----------------------------------------------------------
       crit_upsz         0  (        0 /        0 )  0.00
    plc_bal_star         0  (        0 /        0 )  0.00
     drc_buftimb         0  (        0 /        0 )  0.00
          plc_st         0  (        0 /        0 )  0.00
    plc_st_fence         0  (        0 /        0 )  0.00
        plc_star         0  (        0 /        0 )  0.00
      plc_laf_st         0  (        0 /        0 )  0.00
 plc_laf_st_fence         0  (        0 /        0 )  0.00
     drc_buftims         0  (        0 /        0 )  0.00
            fopt         0  (        0 /        0 )  0.00
   plc_laf_lo_st         0  (        0 /        0 )  0.00
       plc_lo_st         0  (        0 /        0 )  0.00
        mb_split         0  (        0 /        0 )  0.00

 
Local TNS optimization status
=============================
                                   Group   
                                  Tot Wrst     Total - - DRC Totals - -
                           Total  Weighted      Neg      Max       Max 
Operation                   Area   Slacks      Slack    Trans      Cap 
 init_tns                  51895        0         0         0        0

           Trick     Calls     Accepts   Attempts    Time(secs) 
-----------------------------------------------------------
    plc_bal_star         0  (        0 /        0 )  0.00
     drc_buftimb         0  (        0 /        0 )  0.00
     drc_buftims         0  (        0 /        0 )  0.00
       crit_upsz         0  (        0 /        0 )  0.00
   plc_laf_lo_st         0  (        0 /        0 )  0.00
       plc_lo_st         0  (        0 /        0 )  0.00
            fopt         0  (        0 /        0 )  0.00
       crit_dnsz         0  (        0 /        0 )  0.00
             dup         0  (        0 /        0 )  0.00
        setup_dn         0  (        0 /        0 )  0.00
        mb_split         0  (        0 /        0 )  0.00

PBS_TechMap-Postmap Cleanup - Elapsed_Time 0, CPU_Time -0.051324999999991405
stamp 'PBS_TechMap-Postmap Cleanup' being created for table 'pbs_debug'

  Total Time (Wall) |  Stage Time (Wall)  |   % (Wall)   |    Date - Time     |  Memory   | Stage
--------------------+---------------------+--------------+--------------------+-----------+----------------------
 00:00:24(00:00:44) |  00:00:00(00:00:00) |   0.0(  0.0) |   14:25:34 (Aug11) |  354.4 MB | PBS_Generic-Start
--------------------+---------------------+--------------+--------------------+-----------+----------------------
 00:00:52(00:01:10) |  00:00:27(00:00:26) |  62.3( 61.9) |   14:26:00 (Aug11) |  641.6 MB | PBS_Generic_Opt-Post
--------------------+---------------------+--------------+--------------------+-----------+----------------------
 00:00:52(00:01:10) |  00:00:00(00:00:00) |   0.0(  0.0) |   14:26:00 (Aug11) |  641.6 MB | PBS_Generic-Postgen HBO Optimizations
--------------------+---------------------+--------------+--------------------+-----------+----------------------
 00:00:52(00:01:10) |  00:00:00(00:00:00) |   0.0(  0.0) |   14:26:00 (Aug11) |  641.6 MB | PBS_TechMap-Start
--------------------+---------------------+--------------+--------------------+-----------+----------------------
 00:00:52(00:01:10) |  00:00:00(00:00:00) |   0.0(  0.0) |   14:26:00 (Aug11) |  641.6 MB | PBS_TechMap-Premap HBO Optimizations
--------------------+---------------------+--------------+--------------------+-----------+----------------------
 00:01:06(00:01:24) |  00:00:13(00:00:14) |  31.1( 33.3) |   14:26:14 (Aug11) |  634.7 MB | PBS_Techmap-Global Mapping
--------------------+---------------------+--------------+--------------------+-----------+----------------------
 00:01:08(00:01:25) |  00:00:02(00:00:01) |   4.5(  2.4) |   14:26:15 (Aug11) |  634.7 MB | PBS_TechMap-Datapath Postmap Operations
--------------------+---------------------+--------------+--------------------+-----------+----------------------
 00:01:08(00:01:26) |  00:00:00(00:00:01) |  -0.1(  2.4) |   14:26:16 (Aug11) |  634.7 MB | PBS_TechMap-Postmap HBO Optimizations
--------------------+---------------------+--------------+--------------------+-----------+----------------------
 00:01:08(00:01:26) |  00:00:00(00:00:00) |   0.0(  0.0) |   14:26:16 (Aug11) |  634.7 MB | PBS_TechMap-Postmap Clock Gating
--------------------+---------------------+--------------+--------------------+-----------+----------------------
 00:01:09(00:01:26) |  00:00:00(00:00:00) |   2.1(  0.0) |   14:26:16 (Aug11) |  634.7 MB | PBS_TechMap-Postmap Cleanup
--------------------+---------------------+--------------+--------------------+-----------+----------------------
Number of threads: 8 * 1   (id: pbs_debug, time_info v1.57)
Info: (*N*) indicates data that was populated from previously saved time_info database
Info: CPU time includes time of parent + longest thread
PBS_Techmap-Post_MBCI - Elapsed_Time 0, CPU_Time 0.0
stamp 'PBS_Techmap-Post_MBCI' being created for table 'pbs_debug'

  Total Time (Wall) |  Stage Time (Wall)  |   % (Wall)   |    Date - Time     |  Memory   | Stage
--------------------+---------------------+--------------+--------------------+-----------+----------------------
 00:00:24(00:00:44) |  00:00:00(00:00:00) |   0.0(  0.0) |   14:25:34 (Aug11) |  354.4 MB | PBS_Generic-Start
--------------------+---------------------+--------------+--------------------+-----------+----------------------
 00:00:52(00:01:10) |  00:00:27(00:00:26) |  62.3( 61.9) |   14:26:00 (Aug11) |  641.6 MB | PBS_Generic_Opt-Post
--------------------+---------------------+--------------+--------------------+-----------+----------------------
 00:00:52(00:01:10) |  00:00:00(00:00:00) |   0.0(  0.0) |   14:26:00 (Aug11) |  641.6 MB | PBS_Generic-Postgen HBO Optimizations
--------------------+---------------------+--------------+--------------------+-----------+----------------------
 00:00:52(00:01:10) |  00:00:00(00:00:00) |   0.0(  0.0) |   14:26:00 (Aug11) |  641.6 MB | PBS_TechMap-Start
--------------------+---------------------+--------------+--------------------+-----------+----------------------
 00:00:52(00:01:10) |  00:00:00(00:00:00) |   0.0(  0.0) |   14:26:00 (Aug11) |  641.6 MB | PBS_TechMap-Premap HBO Optimizations
--------------------+---------------------+--------------+--------------------+-----------+----------------------
 00:01:06(00:01:24) |  00:00:13(00:00:14) |  31.1( 33.3) |   14:26:14 (Aug11) |  634.7 MB | PBS_Techmap-Global Mapping
--------------------+---------------------+--------------+--------------------+-----------+----------------------
 00:01:08(00:01:25) |  00:00:02(00:00:01) |   4.5(  2.4) |   14:26:15 (Aug11) |  634.7 MB | PBS_TechMap-Datapath Postmap Operations
--------------------+---------------------+--------------+--------------------+-----------+----------------------
 00:01:08(00:01:26) |  00:00:00(00:00:01) |  -0.1(  2.4) |   14:26:16 (Aug11) |  634.7 MB | PBS_TechMap-Postmap HBO Optimizations
--------------------+---------------------+--------------+--------------------+-----------+----------------------
 00:01:08(00:01:26) |  00:00:00(00:00:00) |   0.0(  0.0) |   14:26:16 (Aug11) |  634.7 MB | PBS_TechMap-Postmap Clock Gating
--------------------+---------------------+--------------+--------------------+-----------+----------------------
 00:01:09(00:01:26) |  00:00:00(00:00:00) |   2.1(  0.0) |   14:26:16 (Aug11) |  634.7 MB | PBS_TechMap-Postmap Cleanup
--------------------+---------------------+--------------+--------------------+-----------+----------------------
 00:01:09(00:01:26) |  00:00:00(00:00:00) |   0.0(  0.0) |   14:26:16 (Aug11) |  634.7 MB | PBS_Techmap-Post_MBCI
--------------------+---------------------+--------------+--------------------+-----------+----------------------
Number of threads: 8 * 1   (id: pbs_debug, time_info v1.57)
Info: (*N*) indicates data that was populated from previously saved time_info database
Info: CPU time includes time of parent + longest thread
##>=================== Cadence Confidential (Mapping-Logical) ===================
##>Main Thread Summary:
##>----------------------------------------------------------------------------------------
##>STEP                           Elapsed       WNS       TNS     Insts      Area    Memory
##>----------------------------------------------------------------------------------------
##>M:Initial                            0         -         -      3123    100363       641
##>M:Pre Cleanup                        0         -         -      3123    100363       641
##>M:Setup                              0         -         -         -         -         -
##>M:Launch ST                          0         -         -         -         -         -
##>M:Design Partition                   0         -         -         -         -         -
##>M:Create Partition Netlists          0         -         -         -         -         -
##>M:Init Power                         0         -         -         -         -         -
##>M:Budgeting                          0         -         -         -         -         -
##>M:Derenv-DB                          0         -         -         -         -         -
##>M:Debug Outputs                      0         -         -         -         -         -
##>M:ST loading                         0         -         -         -         -         -
##>M:Distributed                        0         -         -         -         -         -
##>M:Timer                              0         -         -         -         -         -
##>M:Assembly                           0         -         -         -         -         -
##>M:DFT                                0         -         -         -         -         -
##>M:DP Operations                      1         -         -      1842     51895       634
##>M:Const Prop                         0   7626687         0      1842     51895       634
##>M:Cleanup                            0   7626687         0      1842     51895       634
##>M:MBCI                               0         -         -      1842     51895       634
##>M:Const Gate Removal                 0         -         -         -         -         -
##>M:Misc                              15
##>----------------------------------------------------------------------------------------
##>Total Elapsed                       16
##>========================================================================================
Info    : Done mapping. [SYNTH-5]
        : Done mapping 'otp_controller'.
      flow.cputime  flow.realtime  timing.setup.tns  timing.setup.wns  snapshot
UM:*                                                                   syn_map
@file(syn_scr.tcl) 95: syn_opt
Info    : Incrementally optimizing. [SYNTH-7]
        : Incrementally optimizing 'otp_controller' using 'high' effort.
 
Incremental optimization status
===============================
                                   Group   
                                  Tot Wrst     Total - - DRC Totals - -
                           Total  Weighted      Neg      Max       Max 
Operation                   Area   Slacks      Slack    Trans      Cap 
 init_iopt                 51895        0         0         0        0
IOPT-REDREM: Performing redundancy removal: Detected 0 redundant wires. CPU time 0.093 seconds.

-------------------------------------------------------------------------------
 const_prop                51895        0         0         0        0
-------------------------------------------------------------------------------
 hi_fo_buf                 51895        0         0         0        0

           Trick     Calls     Accepts   Attempts    Time(secs) 
-----------------------------------------------------------
       hi_fo_buf         0  (        0 /        0 )  0.00

 
Incremental optimization status
===============================
                                   Group   
                                  Tot Wrst     Total - - DRC Totals - -
                           Total  Weighted      Neg      Max       Max 
Operation                   Area   Slacks      Slack    Trans      Cap 
 init_delay                51895        0         0         0        0

           Trick     Calls     Accepts   Attempts    Time(secs) 
-----------------------------------------------------------
        crit_msz         0  (        0 /        0 )  0.00
       crit_upsz         0  (        0 /        0 )  0.00
       crit_slew         0  (        0 /        0 )  0.00
        setup_dn         0  (        0 /        0 )  0.00
    plc_bal_star         0  (        0 /        0 )  0.00
     drc_buftimb         0  (        0 /        0 )  0.00
          plc_st         0  (        0 /        0 )  0.00
    plc_st_fence         0  (        0 /        0 )  0.00
        plc_star         0  (        0 /        0 )  0.00
      plc_laf_st         0  (        0 /        0 )  0.00
 plc_laf_st_fence         0  (        0 /        0 )  0.00
     drc_buftims         0  (        0 /        0 )  0.00
   plc_laf_lo_st         0  (        0 /        0 )  0.00
       plc_lo_st         0  (        0 /        0 )  0.00
            fopt         0  (        0 /        0 )  0.00
       crit_swap         0  (        0 /        0 )  0.00
       mux2_swap         0  (        0 /        0 )  0.00
       crit_dnsz         0  (        0 /        0 )  0.00
       load_swap         0  (        0 /        0 )  0.00
            fopt         0  (        0 /        0 )  0.00
        setup_dn         0  (        0 /        0 )  0.00
       load_isol         0  (        0 /        0 )  0.00
       load_isol         0  (        0 /        0 )  0.00
        move_for         0  (        0 /        0 )  0.00
        move_for         0  (        0 /        0 )  0.00
          rem_bi         0  (        0 /        0 )  0.00
         offload         0  (        0 /        0 )  0.00
          rem_bi         0  (        0 /        0 )  0.00
         offload         0  (        0 /        0 )  0.00
           phase         0  (        0 /        0 )  0.00
        in_phase         0  (        0 /        0 )  0.00
       merge_bit         0  (        0 /        0 )  0.00
     merge_idrvr         0  (        0 /        0 )  0.00
     merge_iload         0  (        0 /        0 )  0.00
    merge_idload         0  (        0 /        0 )  0.00
      merge_drvr         0  (        0 /        0 )  0.00
      merge_load         0  (        0 /        0 )  0.00
          decomp         0  (        0 /        0 )  0.00
        p_decomp         0  (        0 /        0 )  0.00
        levelize         0  (        0 /        0 )  0.00
        mb_split         0  (        0 /        0 )  0.00
             dup         0  (        0 /        0 )  0.00
      mux_retime         0  (        0 /        0 )  0.00
         buf2inv         0  (        0 /        0 )  0.00
             exp         0  (        0 /        0 )  0.00
       gate_deco         0  (        0 /        0 )  0.00
       gcomp_tim         0  (        0 /        0 )  0.00
  inv_pair_2_buf         0  (        0 /        0 )  0.00


           Trick     Calls     Accepts   Attempts    Time(secs) 
-----------------------------------------------------------
         crr_220         0  (        0 /        0 )  0.00
        crr_glob         0  (        0 /        0 )  0.00
         crr_200         0  (        0 /        0 )  0.00
        crr_glob         0  (        0 /        0 )  0.00
         crr_300         0  (        0 /        0 )  0.00
        crr_glob         0  (        0 /        0 )  0.00
         crr_400         0  (        0 /        0 )  0.00
        crr_glob         0  (        0 /        0 )  0.00
         crr_111         0  (        0 /        0 )  0.00
        crr_glob         0  (        0 /        0 )  0.00
         crr_210         0  (        0 /        0 )  0.00
        crr_glob         0  (        0 /        0 )  0.00
         crr_110         0  (        0 /        0 )  0.00
        crr_glob         0  (        0 /        0 )  0.00
         crr_101         0  (        0 /        0 )  0.00
        crr_glob         0  (        0 /        0 )  0.00
         crr_201         0  (        0 /        0 )  0.00
        crr_glob         0  (        0 /        0 )  0.00
         crr_211         0  (        0 /        0 )  0.00
        crr_glob         0  (        0 /        0 )  0.00
        crit_msz         0  (        0 /        0 )  0.00
       crit_upsz         0  (        0 /        0 )  0.00
       crit_slew         0  (        0 /        0 )  0.00
        setup_dn         0  (        0 /        0 )  0.00
    plc_bal_star         0  (        0 /        0 )  0.00
     drc_buftimb         0  (        0 /        0 )  0.00
          plc_st         0  (        0 /        0 )  0.00
    plc_st_fence         0  (        0 /        0 )  0.00
        plc_star         0  (        0 /        0 )  0.00
      plc_laf_st         0  (        0 /        0 )  0.00
 plc_laf_st_fence         0  (        0 /        0 )  0.00
     drc_buftims         0  (        0 /        0 )  0.00
       plc_lo_st         0  (        0 /        0 )  0.00
            fopt         0  (        0 /        0 )  0.00
       crit_swap         0  (        0 /        0 )  0.00
       mux2_swap         0  (        0 /        0 )  0.00
       crit_dnsz         0  (        0 /        0 )  0.00
       load_swap         0  (        0 /        0 )  0.00
            fopt         0  (        0 /        0 )  0.00
        setup_dn         0  (        0 /        0 )  0.00
       load_isol         0  (        0 /        0 )  0.00
       load_isol         0  (        0 /        0 )  0.00
        move_for         0  (        0 /        0 )  0.00
        move_for         0  (        0 /        0 )  0.00
          rem_bi         0  (        0 /        0 )  0.00
         offload         0  (        0 /        0 )  0.00
          rem_bi         0  (        0 /        0 )  0.00
         offload         0  (        0 /        0 )  0.00
       merge_bit         0  (        0 /        0 )  0.00
     merge_idrvr         0  (        0 /        0 )  0.00
     merge_iload         0  (        0 /        0 )  0.00
    merge_idload         0  (        0 /        0 )  0.00
      merge_drvr         0  (        0 /        0 )  0.00
      merge_load         0  (        0 /        0 )  0.00
           phase         0  (        0 /        0 )  0.00
          decomp         0  (        0 /        0 )  0.00
        p_decomp         0  (        0 /        0 )  0.00
        levelize         0  (        0 /        0 )  0.00
        mb_split         0  (        0 /        0 )  0.00
        in_phase         0  (        0 /        0 )  0.00
             dup         0  (        0 /        0 )  0.00
      mux_retime         0  (        0 /        0 )  0.00
         buf2inv         0  (        0 /        0 )  0.00
             exp         0  (        0 /        0 )  0.00
       gate_deco         0  (        0 /        0 )  0.00
       gcomp_tim         0  (        0 /        0 )  0.00
  inv_pair_2_buf         0  (        0 /        0 )  0.00
 init_drc                  51895        0         0         0        0

           Trick     Calls     Accepts   Attempts    Time(secs) 
-----------------------------------------------------------
          plc_st         0  (        0 /        0 )  0.00
        plc_star         0  (        0 /        0 )  0.00
        drc_bufs         0  (        0 /        0 )  0.00
        drc_fopt         0  (        0 /        0 )  0.00
        drc_bufb         0  (        0 /        0 )  0.00
      simple_buf         0  (        0 /        0 )  0.00
             dup         0  (        0 /        0 )  0.00
       crit_dnsz         0  (        0 /        0 )  0.00
       crit_upsz         0  (        0 /        0 )  0.00
       crit_slew         0  (        0 /        0 )  0.00


           Trick     Calls     Accepts   Attempts    Time(secs) 
-----------------------------------------------------------
          plc_st         0  (        0 /        0 )  0.00
        plc_star         0  (        0 /        0 )  0.00
      drc_buf_sp         0  (        0 /        0 )  0.00
        drc_bufs         0  (        0 /        0 )  0.00
        drc_fopt         0  (        0 /        0 )  0.00
        drc_bufb         0  (        0 /        0 )  0.00
      simple_buf         0  (        0 /        0 )  0.00
             dup         0  (        0 /        0 )  0.00
       crit_dnsz         0  (        0 /        0 )  0.00
       crit_upsz         0  (        0 /        0 )  0.00


           Trick     Calls     Accepts   Attempts    Time(secs) 
-----------------------------------------------------------
          plc_st         0  (        0 /        0 )  0.00
        plc_star         0  (        0 /        0 )  0.00
      drc_buf_sp         0  (        0 /        0 )  0.00
        drc_bufs         0  (        0 /        0 )  0.00
        drc_fopt         0  (        0 /        0 )  0.00
        drc_bufb         0  (        0 /        0 )  0.00
             dup         0  (        0 /        0 )  0.00
       crit_dnsz         0  (        0 /        0 )  0.00
       crit_upsz         0  (        0 /        0 )  0.00

 init_tns                  51895        0         0         0        0

           Trick     Calls     Accepts   Attempts    Time(secs) 
-----------------------------------------------------------
            fopt         0  (        0 /        0 )  0.00
    plc_bal_star         0  (        0 /        0 )  0.00
     drc_buftimb         0  (        0 /        0 )  0.00
     drc_buftims         0  (        0 /        0 )  0.00
        crit_msz         0  (        0 /        0 )  0.00
       crit_upsz         0  (        0 /        0 )  0.00
   plc_laf_lo_st         0  (        0 /        0 )  0.00
       plc_lo_st         0  (        0 /        0 )  0.00
       crit_swap         0  (        0 /        0 )  0.00
       mux2_swap         0  (        0 /        0 )  0.00
       crit_dnsz         0  (        0 /        0 )  0.00
       load_swap         0  (        0 /        0 )  0.00
            fopt         0  (        0 /        0 )  0.00
        setup_dn         0  (        0 /        0 )  0.00
       load_isol         0  (        0 /        0 )  0.00
       load_isol         0  (        0 /        0 )  0.00
        move_for         0  (        0 /        0 )  0.00
        move_for         0  (        0 /        0 )  0.00
          rem_bi         0  (        0 /        0 )  0.00
         offload         0  (        0 /        0 )  0.00
          rem_bi         0  (        0 /        0 )  0.00
         offload         0  (        0 /        0 )  0.00
       merge_bit         0  (        0 /        0 )  0.00
     merge_idrvr         0  (        0 /        0 )  0.00
     merge_iload         0  (        0 /        0 )  0.00
    merge_idload         0  (        0 /        0 )  0.00
      merge_drvr         0  (        0 /        0 )  0.00
      merge_load         0  (        0 /        0 )  0.00
           phase         0  (        0 /        0 )  0.00
          decomp         0  (        0 /        0 )  0.00
        p_decomp         0  (        0 /        0 )  0.00
        levelize         0  (        0 /        0 )  0.00
        mb_split         0  (        0 /        0 )  0.00
             dup         0  (        0 /        0 )  0.00
      mux_retime         0  (        0 /        0 )  0.00
       crr_local         0  (        0 /        0 )  0.00
         buf2inv         0  (        0 /        0 )  0.00

 init_area                 51895        0         0         0        0
 rem_buf                   51855        0         0         0        0
 rem_inv                   51842        0         0         0        0
 rem_inv_qb                51835        0         0         0        0
 glob_area                 51832        0         0         0        0

           Trick     Calls     Accepts   Attempts    Time(secs) 
-----------------------------------------------------------
           undup         0  (        0 /        0 )  0.01
         rem_buf         3  (        3 /        3 )  0.02
         rem_inv         1  (        1 /        1 )  0.00
        merge_bi         0  (        0 /        0 )  0.01
      rem_inv_qb        21  (        1 /        1 )  0.07
    seq_res_area        11  (        0 /        0 )  2.71
        io_phase         1  (        0 /        0 )  0.00
       gate_comp         3  (        0 /        0 )  0.13
       gcomp_mog         1  (        0 /        0 )  0.08
       glob_area        12  (        2 /       12 )  0.01
       area_down         1  (        0 /        0 )  0.01
      size_n_buf         0  (        0 /        0 )  0.01
  gate_deco_area         0  (        0 /        0 )  0.00
         rem_buf         0  (        0 /        0 )  0.00
         rem_inv         0  (        0 /        0 )  0.00
        merge_bi         0  (        0 /        0 )  0.00
      rem_inv_qb        20  (        0 /        0 )  0.04

 
Incremental optimization status
===============================
                                   Group   
                                  Tot Wrst     Total - - DRC Totals - -
                           Total  Weighted      Neg      Max       Max 
Operation                   Area   Slacks      Slack    Trans      Cap 
 init_delay                51832        0         0         0        0

           Trick     Calls     Accepts   Attempts    Time(secs) 
-----------------------------------------------------------
         crr_220         0  (        0 /        0 )  0.00
        crr_glob         0  (        0 /        0 )  0.00
         crr_200         0  (        0 /        0 )  0.00
        crr_glob         0  (        0 /        0 )  0.00
         crr_300         0  (        0 /        0 )  0.00
        crr_glob         0  (        0 /        0 )  0.00
         crr_400         0  (        0 /        0 )  0.00
        crr_glob         0  (        0 /        0 )  0.00
         crr_111         0  (        0 /        0 )  0.00
        crr_glob         0  (        0 /        0 )  0.00
         crr_210         0  (        0 /        0 )  0.00
        crr_glob         0  (        0 /        0 )  0.00
         crr_110         0  (        0 /        0 )  0.00
        crr_glob         0  (        0 /        0 )  0.00
         crr_101         0  (        0 /        0 )  0.00
        crr_glob         0  (        0 /        0 )  0.00
         crr_201         0  (        0 /        0 )  0.00
        crr_glob         0  (        0 /        0 )  0.00
         crr_211         0  (        0 /        0 )  0.00
        crr_glob         0  (        0 /        0 )  0.00
        crit_msz         0  (        0 /        0 )  0.00
       crit_upsz         0  (        0 /        0 )  0.00
       crit_slew         0  (        0 /        0 )  0.00
        setup_dn         0  (        0 /        0 )  0.00
    plc_bal_star         0  (        0 /        0 )  0.00
     drc_buftimb         0  (        0 /        0 )  0.00
          plc_st         0  (        0 /        0 )  0.00
    plc_st_fence         0  (        0 /        0 )  0.00
        plc_star         0  (        0 /        0 )  0.00
      plc_laf_st         0  (        0 /        0 )  0.00
 plc_laf_st_fence         0  (        0 /        0 )  0.00
     drc_buftims         0  (        0 /        0 )  0.00
       plc_lo_st         0  (        0 /        0 )  0.00
            fopt         0  (        0 /        0 )  0.00
       crit_swap         0  (        0 /        0 )  0.00
       mux2_swap         0  (        0 /        0 )  0.00
       crit_dnsz         0  (        0 /        0 )  0.00
       load_swap         0  (        0 /        0 )  0.00
            fopt         0  (        0 /        0 )  0.00
        setup_dn         0  (        0 /        0 )  0.00
       load_isol         0  (        0 /        0 )  0.00
       load_isol         0  (        0 /        0 )  0.00
        move_for         0  (        0 /        0 )  0.00
        move_for         0  (        0 /        0 )  0.00
          rem_bi         0  (        0 /        0 )  0.00
         offload         0  (        0 /        0 )  0.00
          rem_bi         0  (        0 /        0 )  0.00
         offload         0  (        0 /        0 )  0.00
       merge_bit         0  (        0 /        0 )  0.00
     merge_idrvr         0  (        0 /        0 )  0.00
     merge_iload         0  (        0 /        0 )  0.00
    merge_idload         0  (        0 /        0 )  0.00
      merge_drvr         0  (        0 /        0 )  0.00
      merge_load         0  (        0 /        0 )  0.00
           phase         0  (        0 /        0 )  0.00
          decomp         0  (        0 /        0 )  0.00
        p_decomp         0  (        0 /        0 )  0.00
        levelize         0  (        0 /        0 )  0.00
        mb_split         0  (        0 /        0 )  0.00
        in_phase         0  (        0 /        0 )  0.00
             dup         0  (        0 /        0 )  0.00
      mux_retime         0  (        0 /        0 )  0.00
         buf2inv         0  (        0 /        0 )  0.00
             exp         0  (        0 /        0 )  0.00
       gate_deco         0  (        0 /        0 )  0.00
       gcomp_tim         0  (        0 /        0 )  0.00
  inv_pair_2_buf         0  (        0 /        0 )  0.00
 init_drc                  51832        0         0         0        0

           Trick     Calls     Accepts   Attempts    Time(secs) 
-----------------------------------------------------------
          plc_st         0  (        0 /        0 )  0.00
        plc_star         0  (        0 /        0 )  0.00
        drc_bufs         0  (        0 /        0 )  0.00
        drc_fopt         0  (        0 /        0 )  0.00
        drc_bufb         0  (        0 /        0 )  0.00
      simple_buf         0  (        0 /        0 )  0.00
             dup         0  (        0 /        0 )  0.00
       crit_dnsz         0  (        0 /        0 )  0.00
       crit_upsz         0  (        0 /        0 )  0.00
       crit_slew         0  (        0 /        0 )  0.00


           Trick     Calls     Accepts   Attempts    Time(secs) 
-----------------------------------------------------------
          plc_st         0  (        0 /        0 )  0.00
        plc_star         0  (        0 /        0 )  0.00
        drc_bufs         0  (        0 /        0 )  0.00
        drc_fopt         0  (        0 /        0 )  0.00
        drc_bufb         0  (        0 /        0 )  0.00
      simple_buf         0  (        0 /        0 )  0.00
             dup         0  (        0 /        0 )  0.00
       crit_dnsz         0  (        0 /        0 )  0.00
       crit_upsz         0  (        0 /        0 )  0.00


           Trick     Calls     Accepts   Attempts    Time(secs) 
-----------------------------------------------------------
          plc_st         0  (        0 /        0 )  0.00
        plc_star         0  (        0 /        0 )  0.00
        drc_bufs         0  (        0 /        0 )  0.00
        drc_fopt         0  (        0 /        0 )  0.00
        drc_bufb         0  (        0 /        0 )  0.00
             dup         0  (        0 /        0 )  0.00
       crit_dnsz         0  (        0 /        0 )  0.00
       crit_upsz         0  (        0 /        0 )  0.00

 init_tns                  51832        0         0         0        0

           Trick     Calls     Accepts   Attempts    Time(secs) 
-----------------------------------------------------------
            fopt         0  (        0 /        0 )  0.00
    plc_bal_star         0  (        0 /        0 )  0.00
     drc_buftimb         0  (        0 /        0 )  0.00
     drc_buftims         0  (        0 /        0 )  0.00
        crit_msz         0  (        0 /        0 )  0.00
       crit_upsz         0  (        0 /        0 )  0.00
   plc_laf_lo_st         0  (        0 /        0 )  0.00
       plc_lo_st         0  (        0 /        0 )  0.00
       crit_swap         0  (        0 /        0 )  0.00
       mux2_swap         0  (        0 /        0 )  0.00
       crit_dnsz         0  (        0 /        0 )  0.00
       load_swap         0  (        0 /        0 )  0.00
            fopt         0  (        0 /        0 )  0.00
        setup_dn         0  (        0 /        0 )  0.00
       load_isol         0  (        0 /        0 )  0.00
       load_isol         0  (        0 /        0 )  0.00
        move_for         0  (        0 /        0 )  0.00
        move_for         0  (        0 /        0 )  0.00
          rem_bi         0  (        0 /        0 )  0.00
         offload         0  (        0 /        0 )  0.00
          rem_bi         0  (        0 /        0 )  0.00
         offload         0  (        0 /        0 )  0.00
       merge_bit         0  (        0 /        0 )  0.00
     merge_idrvr         0  (        0 /        0 )  0.00
     merge_iload         0  (        0 /        0 )  0.00
    merge_idload         0  (        0 /        0 )  0.00
      merge_drvr         0  (        0 /        0 )  0.00
      merge_load         0  (        0 /        0 )  0.00
           phase         0  (        0 /        0 )  0.00
          decomp         0  (        0 /        0 )  0.00
        p_decomp         0  (        0 /        0 )  0.00
        levelize         0  (        0 /        0 )  0.00
        mb_split         0  (        0 /        0 )  0.00
             dup         0  (        0 /        0 )  0.00
      mux_retime         0  (        0 /        0 )  0.00
       crr_local         0  (        0 /        0 )  0.00
         buf2inv         0  (        0 /        0 )  0.00

 init_area                 51832        0         0         0        0

           Trick     Calls     Accepts   Attempts    Time(secs) 
-----------------------------------------------------------
           undup         0  (        0 /        0 )  0.01
         rem_buf         0  (        0 /        0 )  0.00
         rem_inv         0  (        0 /        0 )  0.00
        merge_bi         0  (        0 /        0 )  0.00
      rem_inv_qb        20  (        0 /        0 )  0.04
        io_phase         1  (        0 /        0 )  0.00
       gate_comp         3  (        0 /        0 )  0.13
       gcomp_mog         1  (        0 /        0 )  0.08
       glob_area        11  (        0 /       11 )  0.01
       area_down         1  (        0 /        0 )  0.01
      size_n_buf         0  (        0 /        0 )  0.00
  gate_deco_area         0  (        0 /        0 )  0.00

 
Incremental optimization status
===============================
                                   Group   
                                  Tot Wrst     Total - - DRC Totals - -
                           Total  Weighted      Neg      Max       Max 
Operation                   Area   Slacks      Slack    Trans      Cap 
 init_delay                51832        0         0         0        0

           Trick     Calls     Accepts   Attempts    Time(secs) 
-----------------------------------------------------------
        crit_msz         0  (        0 /        0 )  0.00
       crit_upsz         0  (        0 /        0 )  0.00
       crit_slew         0  (        0 /        0 )  0.00
        setup_dn         0  (        0 /        0 )  0.00
    plc_bal_star         0  (        0 /        0 )  0.00
     drc_buftimb         0  (        0 /        0 )  0.00
          plc_st         0  (        0 /        0 )  0.00
    plc_st_fence         0  (        0 /        0 )  0.00
        plc_star         0  (        0 /        0 )  0.00
      plc_laf_st         0  (        0 /        0 )  0.00
 plc_laf_st_fence         0  (        0 /        0 )  0.00
     drc_buftims         0  (        0 /        0 )  0.00
   plc_laf_lo_st         0  (        0 /        0 )  0.00
       plc_lo_st         0  (        0 /        0 )  0.00
            fopt         0  (        0 /        0 )  0.00
       crit_swap         0  (        0 /        0 )  0.00
       mux2_swap         0  (        0 /        0 )  0.00
       crit_dnsz         0  (        0 /        0 )  0.00
       load_swap         0  (        0 /        0 )  0.00
            fopt         0  (        0 /        0 )  0.00
        setup_dn         0  (        0 /        0 )  0.00
       load_isol         0  (        0 /        0 )  0.00
       load_isol         0  (        0 /        0 )  0.00
        move_for         0  (        0 /        0 )  0.00
        move_for         0  (        0 /        0 )  0.00
          rem_bi         0  (        0 /        0 )  0.00
         offload         0  (        0 /        0 )  0.00
          rem_bi         0  (        0 /        0 )  0.00
         offload         0  (        0 /        0 )  0.00
           phase         0  (        0 /        0 )  0.00
        in_phase         0  (        0 /        0 )  0.00
       merge_bit         0  (        0 /        0 )  0.00
     merge_idrvr         0  (        0 /        0 )  0.00
     merge_iload         0  (        0 /        0 )  0.00
    merge_idload         0  (        0 /        0 )  0.00
      merge_drvr         0  (        0 /        0 )  0.00
      merge_load         0  (        0 /        0 )  0.00
          decomp         0  (        0 /        0 )  0.00
        p_decomp         0  (        0 /        0 )  0.00
        levelize         0  (        0 /        0 )  0.00
        mb_split         0  (        0 /        0 )  0.00
             dup         0  (        0 /        0 )  0.00
      mux_retime         0  (        0 /        0 )  0.00
         buf2inv         0  (        0 /        0 )  0.00
             exp         0  (        0 /        0 )  0.00
       gate_deco         0  (        0 /        0 )  0.00
       gcomp_tim         0  (        0 /        0 )  0.00
  inv_pair_2_buf         0  (        0 /        0 )  0.00

 init_drc                  51832        0         0         0        0

           Trick     Calls     Accepts   Attempts    Time(secs) 
-----------------------------------------------------------
          plc_st         0  (        0 /        0 )  0.00
        plc_star         0  (        0 /        0 )  0.00
        drc_bufs         0  (        0 /        0 )  0.00
        drc_fopt         0  (        0 /        0 )  0.00
        drc_bufb         0  (        0 /        0 )  0.00
      simple_buf         0  (        0 /        0 )  0.00
             dup         0  (        0 /        0 )  0.00
       crit_dnsz         0  (        0 /        0 )  0.00
       crit_upsz         0  (        0 /        0 )  0.00
       crit_slew         0  (        0 /        0 )  0.00


           Trick     Calls     Accepts   Attempts    Time(secs) 
-----------------------------------------------------------
          plc_st         0  (        0 /        0 )  0.00
        plc_star         0  (        0 /        0 )  0.00
        drc_bufs         0  (        0 /        0 )  0.00
        drc_fopt         0  (        0 /        0 )  0.00
        drc_bufb         0  (        0 /        0 )  0.00
      simple_buf         0  (        0 /        0 )  0.00
             dup         0  (        0 /        0 )  0.00
       crit_dnsz         0  (        0 /        0 )  0.00
       crit_upsz         0  (        0 /        0 )  0.00


           Trick     Calls     Accepts   Attempts    Time(secs) 
-----------------------------------------------------------
          plc_st         0  (        0 /        0 )  0.00
        plc_star         0  (        0 /        0 )  0.00
        drc_bufs         0  (        0 /        0 )  0.00
        drc_fopt         0  (        0 /        0 )  0.00
        drc_bufb         0  (        0 /        0 )  0.00
             dup         0  (        0 /        0 )  0.00
       crit_dnsz         0  (        0 /        0 )  0.00
       crit_upsz         0  (        0 /        0 )  0.00

  Inserting buffers to remove assign statements...
 
Incremental optimization status
===============================
                                   Group   
                                  Tot Wrst     Total - - DRC Totals - -
                           Total  Weighted      Neg      Max       Max 
Operation                   Area   Slacks      Slack    Trans      Cap 
 init_delay                51832        0         0         0        0

           Trick     Calls     Accepts   Attempts    Time(secs) 
-----------------------------------------------------------
        crit_msz         0  (        0 /        0 )  0.00
       crit_upsz         0  (        0 /        0 )  0.00
       crit_slew         0  (        0 /        0 )  0.00
        setup_dn         0  (        0 /        0 )  0.00
    plc_bal_star         0  (        0 /        0 )  0.00
     drc_buftimb         0  (        0 /        0 )  0.00
          plc_st         0  (        0 /        0 )  0.00
    plc_st_fence         0  (        0 /        0 )  0.00
        plc_star         0  (        0 /        0 )  0.00
      plc_laf_st         0  (        0 /        0 )  0.00
 plc_laf_st_fence         0  (        0 /        0 )  0.00
     drc_buftims         0  (        0 /        0 )  0.00
   plc_laf_lo_st         0  (        0 /        0 )  0.00
       plc_lo_st         0  (        0 /        0 )  0.00
            fopt         0  (        0 /        0 )  0.00
       crit_swap         0  (        0 /        0 )  0.00
       mux2_swap         0  (        0 /        0 )  0.00
       crit_dnsz         0  (        0 /        0 )  0.00
       load_swap         0  (        0 /        0 )  0.00
            fopt         0  (        0 /        0 )  0.00
        setup_dn         0  (        0 /        0 )  0.00
       load_isol         0  (        0 /        0 )  0.00
       load_isol         0  (        0 /        0 )  0.00
           phase         0  (        0 /        0 )  0.00
        in_phase         0  (        0 /        0 )  0.00
          decomp         0  (        0 /        0 )  0.00
        p_decomp         0  (        0 /        0 )  0.00
        levelize         0  (        0 /        0 )  0.00
             dup         0  (        0 /        0 )  0.00
      mux_retime         0  (        0 /        0 )  0.00
         buf2inv         0  (        0 /        0 )  0.00
             exp         0  (        0 /        0 )  0.00
  inv_pair_2_buf         0  (        0 /        0 )  0.00

 init_tns                  51832        0         0         0        0

           Trick     Calls     Accepts   Attempts    Time(secs) 
-----------------------------------------------------------
            fopt         0  (        0 /        0 )  0.00
    plc_bal_star         0  (        0 /        0 )  0.00
     drc_buftimb         0  (        0 /        0 )  0.00
     drc_buftims         0  (        0 /        0 )  0.00
        crit_msz         0  (        0 /        0 )  0.00
       crit_upsz         0  (        0 /        0 )  0.00
   plc_laf_lo_st         0  (        0 /        0 )  0.00
       plc_lo_st         0  (        0 /        0 )  0.00
       crit_swap         0  (        0 /        0 )  0.00
       mux2_swap         0  (        0 /        0 )  0.00
       crit_dnsz         0  (        0 /        0 )  0.00
       load_swap         0  (        0 /        0 )  0.00
            fopt         0  (        0 /        0 )  0.00
        setup_dn         0  (        0 /        0 )  0.00
       load_isol         0  (        0 /        0 )  0.00
       load_isol         0  (        0 /        0 )  0.00
        levelize         0  (        0 /        0 )  0.00
             dup         0  (        0 /        0 )  0.00
      mux_retime         0  (        0 /        0 )  0.00
         buf2inv         0  (        0 /        0 )  0.00

 init_drc                  51832        0         0         0        0

           Trick     Calls     Accepts   Attempts    Time(secs) 
-----------------------------------------------------------
          plc_st         0  (        0 /        0 )  0.00
        plc_star         0  (        0 /        0 )  0.00
        drc_bufs         0  (        0 /        0 )  0.00
        drc_fopt         0  (        0 /        0 )  0.00
        drc_bufb         0  (        0 /        0 )  0.00
      simple_buf         0  (        0 /        0 )  0.00
             dup         0  (        0 /        0 )  0.00
       crit_dnsz         0  (        0 /        0 )  0.00
       crit_upsz         0  (        0 /        0 )  0.00
       crit_slew         0  (        0 /        0 )  0.00


           Trick     Calls     Accepts   Attempts    Time(secs) 
-----------------------------------------------------------
          plc_st         0  (        0 /        0 )  0.00
        plc_star         0  (        0 /        0 )  0.00
        drc_bufs         0  (        0 /        0 )  0.00
        drc_fopt         0  (        0 /        0 )  0.00
        drc_bufb         0  (        0 /        0 )  0.00
      simple_buf         0  (        0 /        0 )  0.00
             dup         0  (        0 /        0 )  0.00
       crit_dnsz         0  (        0 /        0 )  0.00
       crit_upsz         0  (        0 /        0 )  0.00


           Trick     Calls     Accepts   Attempts    Time(secs) 
-----------------------------------------------------------
          plc_st         0  (        0 /        0 )  0.00
        plc_star         0  (        0 /        0 )  0.00
        drc_bufs         0  (        0 /        0 )  0.00
        drc_fopt         0  (        0 /        0 )  0.00
        drc_bufb         0  (        0 /        0 )  0.00
             dup         0  (        0 /        0 )  0.00
       crit_dnsz         0  (        0 /        0 )  0.00
       crit_upsz         0  (        0 /        0 )  0.00

==================================
Stage : incr_opt 
==================================
  =================
   Message Summary
  =================
-------------------------------------------------------------------------------------------------------------
|   Id    |  Sev   |Count |                                  Message Text                                   |
-------------------------------------------------------------------------------------------------------------
| CFM-1   |Info    |    1 |Wrote dofile.                                                                    |
| CFM-5   |Info    |    1 |Wrote formal verification information.                                           |
| CFM-212 |Info    |    1 |Forcing flat compare.                                                            |
| CPI-506 |Warning |    1 |Command 'commit_power_intent' cannot proceed as there is no power intent loaded. |
| PA-7    |Info    |    4 |Resetting power analysis results.                                                |
|         |        |      |All computed switching activities are removed.                                   |
| SYNTH-5 |Info    |    1 |Done mapping.                                                                    |
| SYNTH-7 |Info    |    1 |Incrementally optimizing.                                                        |
-------------------------------------------------------------------------------------------------------------
Info    : Done incrementally optimizing. [SYNTH-8]
        : Done incrementally optimizing 'otp_controller'.
      flow.cputime  flow.realtime  timing.setup.tns  timing.setup.wns  snapshot
UM:*                                                                   syn_opt
@file(syn_scr.tcl) 97: echo "-------------------------------------------------"
-------------------------------------------------
@file(syn_scr.tcl) 98: echo " Generating post-synthesis reports"
 Generating post-synthesis reports
@file(syn_scr.tcl) 99: echo "-------------------------------------------------"
-------------------------------------------------
@file(syn_scr.tcl) 103: set_clock_latency -max 0.1 -clock clk -source clk -late
@file(syn_scr.tcl) 106: report_clocks
============================================================
  Generated by:           Genus(TM) Synthesis Solution 21.10-p002_1
  Generated on:           Aug 11 2026  02:26:21 pm
  Module:                 otp_controller
  Technology library:     typical 1.1
  Operating conditions:   typical (balanced_tree)
  Wireload mode:          enclosed
  Area mode:              timing library
============================================================


 Clock Description
 ----------------- 

 Clock                                 Clock   Source     No of   
 Name     Period    Rise     Fall      Domain Pin/Port  Registers 
------------------------------------------------------------------
 clk     7629390.0   0.0   3814695.0   sysclk   clk           476 

 Clock Network Latency / Setup Uncertainty
 ----------------------------------------- 

        Network   Network   Source   Source     Setup        Setup    
Clock   Latency   Latency  Latency  Latency  Uncertainty  Uncertainty 
 Name    Rise      Fall      Rise     Fall       Rise         Fall    
----------------------------------------------------------------------
clk         0.0       0.0      0.0      0.0          0.0          0.0 

 Clock Relationship (with uncertainty & latency)
 ----------------------------------------------- 

  From    To      R->R        R->F        F->R        F->F   
-------------------------------------------------------------
  clk    clk   7629390.0   3814695.0   3814695.0   7629390.0 
@file(syn_scr.tcl) 107: report_timing
============================================================
  Generated by:           Genus(TM) Synthesis Solution 21.10-p002_1
  Generated on:           Aug 11 2026  02:26:21 pm
  Module:                 otp_controller
  Operating conditions:   typical (balanced_tree)
  Wireload mode:          enclosed
  Area mode:              timing library
============================================================


Path 1: MET (7626537 ps) Setup Check with Pin ratio_p1_reg[19]/CK->D
          Group: clk
     Startpoint: (R) state_reg[0]/CK
          Clock: (R) clk
       Endpoint: (R) ratio_p1_reg[19]/D
          Clock: (R) clk

                      Capture       Launch     
        Clock Edge:+  7629390            0     
       Src Latency:+        0            0     
       Net Latency:+        0 (I)        0 (I) 
           Arrival:=  7629390            0     
                                               
             Setup:-      126                  
     Required Time:=  7629264                  
      Launch Clock:-        0                  
         Data Path:-     2727                  
             Slack:=  7626537                  

#--------------------------------------------------------------------------------------------
#   Timing Point     Flags   Arc   Edge   Cell     Fanout  Load Trans Delay Arrival Instance 
#                                                          (fF)  (ps)  (ps)   (ps)  Location 
#--------------------------------------------------------------------------------------------
  state_reg[0]/CK    -       -     R     (arrival)    476     -     0     0       0    (-,-) 
  state_reg[0]/Q     -       CK->Q R     DFFRHQX1       7  27.8   392   385     385    (-,-) 
  g36948/Y           -       A->Y  F     INVX1          2  10.2   111    62     446    (-,-) 
  g36874/Y           -       B->Y  F     OR2X4        179 694.8   714   589    1035    (-,-) 
  g36861/Y           -       A->Y  R     INVX1         19  71.5   632   535    1570    (-,-) 
  g36733/Y           -       B->Y  R     AND2X2         2   7.2    70   107    1677    (-,-) 
  g36669/Y           -       AN->Y R     NOR2BX1        2   8.2   157   138    1814    (-,-) 
  g36559/Y           -       A->Y  F     NAND2X1        4  17.6   116    87    1901    (-,-) 
  g36328__6260/Y     -       A->Y  R     NOR2X1        20  88.0  1109   653    2554    (-,-) 
  g35733__3680/Y     -       B0->Y F     AOI22X1        1   3.2   245    86    2639    (-,-) 
  g35361__5115/Y     -       A->Y  R     NAND2XL        1   1.9    96    88    2727    (-,-) 
  ratio_p1_reg[19]/D <<<     -     R     DFFRHQX1       1     -     -     0    2727    (-,-) 
#--------------------------------------------------------------------------------------------

@file(syn_scr.tcl) 108: report_area
============================================================
  Generated by:           Genus(TM) Synthesis Solution 21.10-p002_1
  Generated on:           Aug 11 2026  02:26:21 pm
  Module:                 otp_controller
  Operating conditions:   typical (balanced_tree)
  Wireload mode:          enclosed
  Area mode:              timing library
============================================================

   Instance       Module    Cell Count  Cell Area  Net Area   Total Area   Wireload  
-------------------------------------------------------------------------------------
otp_controller                    1836  51831.965     0.000    51831.965 <none> (D)  
  u_crc        crc16_ccitt           6    103.118     0.000      103.118 <none> (D)  
  (D) = wireload is default in technology library
@file(syn_scr.tcl) 109: report_power
Info    : Joules engine is used. [RPT-16]
        : Joules engine is being used for the command report_power.
Info   : ACTP-0001 [ACTPInfo] Activity propagation started for stim#0 netlist
       : otp_controller
Info   : ACTP-0009 [ACTPInfo] Activity Propagation Progress Report :   0%   1%   2%   3%   4%   5%   6%   7%   8%   9%  10%  11%  12%  13%  14%  15%  16%  17%  18%  19%  20%  21%  22%  23%  24%  25%  26%  27%  28%  29%  30%  31%  32%  33%  34%  35%  36%  37%  38%  39%  40%  41%  42%  43%  44%  45%  46%  47%  48%  49%  50%  51%  52%  53%  54%  55%  56%  57%  58%  59%  60%  61%  62%  63%  64%  65%  66%  67%  68%  69%  70%  71%  72%  73%  74%  75%  76%  77%  78%  79%  80%  81%  82%  83%  84%  85%  86%  87%  88%  89%  90%  91%  92%  93%  94%  95%  96%  97%  98%  99% 100%
Info   : ACTP-0001 Activity propagation ended for stim#0
Info   : PWRA-0001 [PwrInfo] compute_power effective options 
       : -mode : vectorless
       : -skip_propagation : 1
       : -frequency_scaling_factor : 1.0
       : -use_clock_freq : stim
       : -stim :/stim#0
       : -fromGenus : 1
Info   : ACTP-0001 Timing initialization started
Info   : ACTP-0001 Timing initialization ended
Info   : PWRA-0002 [PwrInfo] Skipping activity propagation due to -skip_ap
       : option....
Warning: PWRA-0302 [PwrWarn] Frequency scaling is not applicable for vectorless
       : flow. Ignoring frequency scaling.
Warning: PWRA-0304 [PwrWarn] -stim option is not applicable with vectorless mode
       : of power analysis, ignored this option.
Info   : PWRA-0002 Started 'vectorless' power computation.
Info   : PWRA-0009 [PwrInfo] Power Computation Progress Report :   0%   1%   2%   3%   4%   5%   6%   7%   8%   9%  10%  11%  12%  13%  14%  15%  16%  17%  18%  19%  20%  21%  22%  23%  24%  25%  26%  27%  28%  29%  30%  31%  32%  33%  34%  35%  36%  37%  38%  39%  40%  41%  42%  43%  44%  45%  46%  47%  48%  49%  50%  51%  52%  53%  54%  55%  56%  57%  58%  59%  60%  61%  62%  63%  64%  65%  66%  67%  68%  69%  70%  71%  72%  73%  74%  75%  76%  77%  78%  79%  80%  81%  82%  83%  84%  85%  86%  87%  88%  89%  90%  91%  92%  93%  94%  95%  96%  97%  98%  99% 100%
Info   : PWRA-0002 Finished power computation.
Info   : PWRA-0007 [PwrInfo] Completed successfully.
       : Info=6, Warn=2, Error=0, Fatal=0
Instance: /otp_controller
Power Unit: W
PDB Frames: /stim#0/frame#0
  -------------------------------------------------------------------------
    Category         Leakage     Internal    Switching        Total    Row%
  -------------------------------------------------------------------------
      memory     0.00000e+00  0.00000e+00  0.00000e+00  0.00000e+00   0.00%
    register     1.65826e-07  5.14986e-06  1.56738e-07  5.47242e-06  82.51%
       latch     0.00000e+00  0.00000e+00  0.00000e+00  0.00000e+00   0.00%
       logic     4.28900e-08  3.23326e-07  1.73490e-07  5.39705e-07   8.14%
        bbox     0.00000e+00  0.00000e+00  0.00000e+00  0.00000e+00   0.00%
       clock     0.00000e+00  0.00000e+00  6.20405e-07  6.20405e-07   9.35%
         pad     0.00000e+00  0.00000e+00  0.00000e+00  0.00000e+00   0.00%
          pm     0.00000e+00  0.00000e+00  0.00000e+00  0.00000e+00   0.00%
  -------------------------------------------------------------------------
    Subtotal     2.08716e-07  5.47318e-06  9.50632e-07  6.63253e-06 100.00%
  Percentage           3.15%       82.52%       14.33%      100.00% 100.00%
  -------------------------------------------------------------------------
@file(syn_scr.tcl) 110: report_gates
============================================================
  Generated by:           Genus(TM) Synthesis Solution 21.10-p002_1
  Generated on:           Aug 11 2026  02:26:21 pm
  Module:                 otp_controller
  Operating conditions:   typical (balanced_tree)
  Wireload mode:          enclosed
  Area mode:              timing library
============================================================

                                
   Gate    Instances    Area      Library  
-------------------------------------------
AND2X2             4     53.222    typical 
AND3X2             3     49.896    typical 
AOI21X1            6     79.834    typical 
AOI222X1           2     53.222    typical 
AOI22X1          277   4607.064    typical 
AOI22XL           79   1313.928    typical 
AOI2BB1X1          2     33.264    typical 
AOI31X1            1     16.632    typical 
DFFRHQX1         440  30735.936    typical 
DFFRHQXL           1     69.854    typical 
DFFRX1             2    153.014    typical 
DFFSX1             1     63.202    typical 
INVX1             49    325.987    typical 
INVXL              2     13.306    typical 
MXI2X1             3     69.854    typical 
NAND2BX1          24    319.334    typical 
NAND2X1          154   1536.797    typical 
NAND2XL          122   1217.462    typical 
NAND3BX1           3     49.896    typical 
NAND3X1            5     66.528    typical 
NAND4BXL           1     19.958    typical 
NAND4X1            4     66.528    typical 
NOR2BX1           13    172.973    typical 
NOR2BXL            5     66.528    typical 
NOR2X1            52    518.918    typical 
NOR3X1             3     39.917    typical 
NOR4BBX1           1     26.611    typical 
NOR4BX1            1     19.958    typical 
NOR4X1             1     19.958    typical 
OAI21XL          512   6812.467    typical 
OAI221XL           3     69.854    typical 
OAI22X1            1     19.958    typical 
OAI2BB1XL          1     16.632    typical 
OAI31XL            1     19.958    typical 
OR2X1              1     13.306    typical 
OR2X2             10    133.056    typical 
OR2X4              1     19.958    typical 
OR4X2              1     19.958    typical 
SDFFRHQX1          8    665.280    typical 
SDFFRHQXL          8    665.280    typical 
SDFFSHQX1         16   1277.338    typical 
XNOR2X1           12    319.334    typical 
-------------------------------------------
total           1836  51831.965            


                                          
     Type      Instances    Area   Area % 
------------------------------------------
sequential           476 33629.905   64.9 
inverter              51   339.293    0.7 
logic               1309 17862.768   34.5 
physical_cells         0     0.000    0.0 
------------------------------------------
total               1836 51831.965  100.0 

@file(syn_scr.tcl) 113: echo "-------------------------------------------------"
-------------------------------------------------
@file(syn_scr.tcl) 114: echo " Wrting netlists and physical scripts"
 Wrting netlists and physical scripts
@file(syn_scr.tcl) 115: echo "-------------------------------------------------"
-------------------------------------------------
@file(syn_scr.tcl) 117: write_hdl                                        > ./synout/otp_controller_postsyn.v
@file(syn_scr.tcl) 118: write_sdf -version 3.0 -timescale ps -nonegcheck > ./synout/otp_controller_postsyn.sdf
Warning : Default value for an option has changed in this release. [WSDF-104]
        : Default value for -setuphold has changed from split to merge_always. Specify '-setuphold split' to preserve the behavior of the previous release.
        : Specify the option explicitly.
Warning : Default value for an option has changed in this release. [WSDF-104]
        : Default value for -recrem has changed from split to merge_always. Specify '-recrem split' to preserve the behavior of the previous release.
@file(syn_scr.tcl) 122: write_script                                     > ./constraints.g
@file(syn_scr.tcl) 124: write_design -basename otp_controller -tcf -innovus -hierarchical otp_controller
(write_design): Writing Innovus content. Constraint interface is: 'mmmc2'
(write_design): Writing Genus content. Constraint interface is 'smsc'
Warning	: The '-tcf' switch of this command is obsolete now and will be removed in next major Genus release. TCF file will be automatically written out from Genus to Innovus if activity file has been read into Genus.
Warning : Attribute design_process_node is not set for this design. [PHYS-1011]
        : Missing data.
        : When attribute design_process_node is not set to an appropriate integer value >=5 and <=250, then Innovus will assume its own default value for the design process node. See the Innovus setDesignMode -process <> command for more information about what this setting does.
Exporting design data for 'otp_controller' to ./otp_controller...
%# Begin write_design (08/11 14:26:24, mem=1450.98M)
      flow.cputime  flow.realtime  timing.setup.tns  timing.setup.wns  snapshot
UM:*                                                                   write_design
No loop breaker instances found (cdn_loop_breaker).
File ./otp_controller.mmmc.tcl has been written.
Finished SDC export (command execution time mm:ss (real) = 00:00).
Info: file ./otp_controller.default_emulate_constraint_mode.sdc has been written
Info: file ./otp_controller.default_emulate_constraint_mode.sdc has been written

Number of user defined NDR nets found: 0

Number of NDR nets found: 0
Number of nets with minimum layer assignments: 0

** To load the database source ./otp_controller.invs_setup.tcl in an Innovus session.
** To load the database source ./otp_controller.genus_setup.tcl in an Genus(TM) Synthesis Solution session.
Finished exporting design data for 'otp_controller' (command execution time mm:ss cpu = 00:00, real = 00:01).
.
%# End write_design (08/11 14:26:25, total cpu=11:30:00, real=11:30:01, peak res=650.30M, current mem=1451.98M)
#@ End verbose source ./script/syn_scr.tcl

Another Ctrl-C within 1 second will terminate the tool.
CURRENT RESOURCES: RT {elapsed: 266s, ST: 103s, FG: 103s, CPU: 8.5%}, MEM {curr: 1.4G, peak: 1.5G, phys curr: 0.6G, phys peak: 0.6G}, SYS {load: 0.4, cpu: 16, total: 62.7G, free: 52.0G}
Abnormal exit.